gold_id,article_id,date,media_name,media_group,event_type,title,label_human,hard,note,label_llm,reason_llm
8,8cb2673b1577,2020-08-19,SBS Biz,경제지,기준금리,오늘부터 주담대 금리 인하…코로나 대출상환 재연장될 듯,긍정,,,중립,"R2 적용: 주담대 금리 인하와 코로나 대출상환 재연장 논의가 병렬로 제시되며, 긍정과 부정 요소가 균형을 이룸."
10,497dda10cf70,2020-02-28,서울경제,경제지,부동산_대출,"금융위기, 패턴 알면 극복할 수 있다",중립,,,긍정,R3. 금융위기를 극복할 수 있다는 긍정적인 결론으로 마무리.
11,260733350722,2016-09-01,SBS Biz,경제지,환율_달러,글로벌 시장 혼조세…오늘 원·달러 예상 환율 범위는?,중립,,,중립,"R2: 글로벌 시장의 혼조세와 환율 범위를 수치로 전달하며, 긍정이나 부정으로 결론짓지 않음."
43,3a82c18b0535,2020-08-14,매일경제,경제지,부동산가격,"홍남기 ""강남 4구 주택가격 상승세 멈춰…부동산대책 효과""",중립,,,긍정,R1. 제목에서 부동산 대책의 효과를 강조하며 긍정적으로 프레이밍.
60,a922c20fdac7,2018-08-21,서울경제,경제지,국채_금리,채권보다 주식에 가까운 신흥국 국채,중립,,,부정,R0: 한국 경제의 저성장과 자산 수익률 부진을 강조하며 우려를 나타내고 있음.
67,da1fb8f77514,2026-03-06,연합뉴스,통신사/방송,최저임금,"용인시, 올해 2단계 희망드림일자리사업 참가자 300명 모집",긍정,,,중립,R0: 사건 자체의 호재/악재와 관계없이 건조한 사실 전달로 중립.
85,70ea2a931d1b,2024-02-21,한국경제,경제지,부동산_대출,PF 부실 '비상'…농·신협 부동산 대출 옥죈다,부정,,,부정,R0: 제목과 본문 모두 부동산 대출 규제 강화와 PF 부실 위험 증가를 강조하며 부정적 프레임을 형성하고 있습니다.
96,c3751fccf7da,2021-02-19,연합뉴스,통신사/방송,환율_달러,"원/달러 환율 하락해 1,105.9원 마감…""방향성 없는 장세""",중립,,,중립,R2: 환율 하락과 방향성 없는 장세를 병렬로 제시하며 기자의 해석 없이 수치와 상황을 전달
114,baaac2a97db8,2017-07-26,서울경제,경제지,국채_금리,"그리스 위기 종료 청신호...""국채시장 3년만에 복귀""",중립,,,긍정,R1. 제목에서 '위기 종료 청신호'와 '복귀'라는 긍정적 프레이밍을 사용하여 긍정으로 분류됨.
117,ca22b38e0a0b,2023-08-26,한국경제,경제지,기준금리,"파월 ""필요시 금리 더 올릴 것""",,Y,중립같은데 모르겠어,중립,"R2 적용: 긍정적 요소(인플레이션 하락 전망)와 부정적 요소(긴축 정책 유지 필요성)가 병렬로 제시되고, 기자가 결론을 내지 않음."
145,e5505e4d39b6,2018-08-06,매일경제,경제지,경기침체,"""신세계푸드, 성장 둔화 우려·경기침체…목표가↓""",부정,,,부정,R1 적용: 제목에서 '성장 둔화 우려·경기침체…목표가↓'로 부정적 프레임을 명확히 함
170,845bffbc3e43,2026-03-02,조선일보,보수,부동산_대출,"금융위, 상호금융 PF·자본 규제 강화…리스크 관리 기준 상향",중립,,,부정,R0: 부동산 경기 둔화와 상호금융권의 잠재 부실에 대한 우려를 강조하며 규제 강화 조치를 보도
174,0624ffe2cffa,2022-02-11,연합뉴스,통신사/방송,국채_금리,미국 물가 급등에 3년 만기 국채 금리 7년5개월만에 최고(종합),부정,,,부정,R0: 미국 물가 급등과 연준의 긴축 우려로 국채 금리가 상승했다는 부정적 서술
185,1a995ab2524d,2024-12-17,경향신문,진보,가계부채,가계부채·부동산 양호하다지만 ‘한순간에 돌변’…위험관리가 최우선,부정,,,부정,"R1: 제목에서 '한순간에 돌변', '위험관리 최우선' 등 부정적 프레임을 사용하여 부정으로 분류"
230,7306ba6bb9d5,2017-02-06,동아일보,보수,소비자물가,먹거리 물가는 오르는데…식당 매출은 오히려 감소,부정,,,부정,R0: 물가 상승과 식당 매출 감소를 강조하며 둔화·하락·우려의 틀로 서술
235,6b630a9c1519,2017-08-23,SBS Biz,경제지,가계부채,다음 달 가계부채 종합대책 나온다…'미래 상환 능력' 초점,긍정,,,중립,"R0: 가계부채 종합대책 발표에 대한 사실 전달로, 긍정적 또는 부정적 해석 없이 정책의 내용을 설명하고 있음."
243,3d5ac8db700e,2016-09-05,연합뉴스,통신사/방송,국채_금리,연고점 오른 코스피 안도랠리 지속되나,,Y,모르겠음,긍정,"R3. 제목에서 '안도랠리 지속'이라는 긍정적 방향성을 제시하고, 본문에서도 상승세와 호전된 투자심리를 강조하며 긍정적으로 결론을 내고 있다."
290,867f8267b9a2,2016-09-01,연합뉴스,통신사/방송,물가_인상,"'주민세 인상 거부' 이재명 ""정부가 간접증세 강요""",,Y,모르겠음,부정,R0: 기사 전반적으로 정부의 간접증세 강요와 지자체 수탈을 비판하는 부정적 서술이 주를 이룸.
298,0d01f6873011,2021-02-28,서울경제,경제지,수출입동향,"기재부, 4차 재난지원금 추경안 발표",,Y,중립인지 긍정인지 햇갈림,중립,R0: 사건 자체의 호재/악재와 관계없이 건조한 사실 전달로 중립.
308,72e28c76e2b3,2020-02-19,연합뉴스,통신사/방송,GDP_성장률,"S&P, 올해 한국 성장률 전망치 2.1%→1.6%로 낮춰",부정,,,부정,R0: 한국 경제 성장률 하향 조정과 이마트 신용등급 전망 '부정적' 등 부정적 서술이 주를 이룸.
311,4d2f44a395ba,2021-02-03,한국경제TV,경제지,경기침체,"하나금융, 경기 침체 피해 계층 특별채용…""학력·업종·나이 제한 없다""",긍정,,,긍정,"R0 사건이 아니라 서술을 본다. 경기 침체 피해 계층을 위한 특별채용을 긍정적으로 서술하고 있으며, 사회와 함께 성장하고 행복을 나누는 기회로 제시하고 있다."
316,ba78c057bdcc,2021-05-07,SBS Biz,경제지,경상수지,3월 경상수지 78.2억 달러 흑자…“수출·운임 증가 영향”,긍정,,,긍정,R1. 제목에서 경상수지 흑자와 수출·운임 증가를 긍정적으로 강조
321,dc40b57c2e64,2019-09-01,한국경제TV,경제지,반도체_수출,日 수출규제 후 한국 기업보다 日 기업 더 타격,부정,,,부정,"R3: 제목은 일본 기업의 타격을 강조하지만, 본문은 한국 수출의 지속적인 감소와 우려를 강조하며 부정적으로 결론을 내고 있습니다."
340,d1baae813c7c,2016-08-16,동아일보,보수,최저임금,2017년 최저임금 못 받는 근로자 300만명 넘을 듯…6명중 1명꼴,부정,,,부정,R0: 최저임금을 받지 못하는 근로자가 증가하고 있다는 부정적인 전망을 중심으로 서술됨.
352,bd4a4cce9ff2,2022-09-04,연합뉴스TV,통신사/방송,반도체_수출,"반도체·중국 수출 적신호…""수출시장 다변화 필수""",부정,,,부정,"R0: 반도체 수출 감소와 대중 무역적자 지속 등 부정적 상황을 강조하며, 수출시장 다변화 필요성을 제기함."
354,c169fde4f4cd,2017-09-04,연합뉴스,통신사/방송,GDP_성장률,"라잔 前인도중앙은행 총재 ""화폐개혁 반대했다…경제적 대가 커""",,Y,모르겠음,부정,R0: 화폐개혁에 대한 부정적 견해와 경제적 대가를 강조하며 비판하는 서술
374,a43212298a99,2017-01-17,한겨레,진보,부동산가격,지난해 부동산 증여 건수 사상 최대치 왜?,긍정,,,중립,"R0 적용: 부동산 증여 건수 증가에 대한 사실과 수치 전달에 집중하고 있으며, 긍정적 또는 부정적 해석 없이 건조하게 서술됨."
376,612c9be38bc4,2026-03-05,한국경제,경제지,최저임금,웨이터도 들고 일어났다…유흥주점서 벌어진 최저임금 논란,,Y,중립같기도하면서 최저임금을 못주는 사업주를 형사처벌할수도 없는거니깐 부정일수도있고 애매하네.,중립,"R0: 사건 자체의 호재/악재는 판단 대상이 아니며, 본문은 법원 판결과 사건 경과를 건조하게 전달하고 있어 중립에 해당합니다."
377,5973af5022c5,2016-08-27,이데일리,기타,기준금리,"매파가 된 옐런‥""美 금리인상 여건 강해졌다""(종합2보)",,Y,,중립,R2 적용: 금리 인상 가능성을 시사하면서도 실제 변동은 지표에 달렸다고 하여 양측을 병렬 제시
378,6583ca9cead6,2019-08-17,SBS,통신사/방송,GDP_성장률,"태국 ""경제성장률 3% 달성 위해 12조 3천억 원 투입""",중립,,,중립,R2 적용: 긍정적인 경기부양책과 부정적인 경제 둔화 상황이 병렬로 제시됨.
387,be6337397e4e,2021-02-23,연합뉴스,통신사/방송,반도체_수출,충남 1월 수출액 7조8천억원…5개월 연속 증가세 유지,긍정,,,긍정,R1. 제목에서 '5개월 연속 증가세 유지'라는 긍정적 프레임을 사용하고 있음.
411,bb600a56fe96,2020-02-12,한국경제TV,경제지,반도체_수출,ICT 수출 15개월째 내리막…반도체 3.3% 감소하며 1년 만에 '한 자릿수대',부정,,,부정,R1: 제목에서 'ICT 수출 15개월째 내리막'과 '반도체 3.3% 감소'라는 부정적 서술이 강조되어 부정으로 판단됨.
414,e2acd545d7ca,2018-06-17,연합뉴스,통신사/방송,가계부채,지난해 가계부채 증가속도 세계 3위…가처분 소득의 1.6배,부정,,,부정,R0: 가계부채 증가 속도가 세계 3위라는 부정적 서술과 가처분 소득의 1.6배에 달한다는 우려를 강조하고 있습니다.
432,7a30a8d4d548,2020-08-26,SBS Biz,경제지,기준금리,"코스피, 0.1% 상승 마감…내일 기준금리 동결 전망 우세",긍정,,,중립,"R2: 코스피 상승과 거리두기 가능성, 소비지표 부진 등 긍정과 부정 요소가 병렬로 제시됨."
437,a45a168e87a7,2024-09-03,SBS,통신사/방송,기준금리,2%에 '물가 안정' 자신감 피력…금리 인하로?,긍정,,,긍정,R3. 물가 안정과 금리 인하 가능성으로 긍정적 결론을 내림
446,eaa3e8603a18,2020-03-04,연합뉴스,통신사/방송,기준금리,"미 연준, 기준금리 0.5%p 긴급 인하…""코로나19, 경제에 리스크""(종합)",중립,,,부정,"R1 적용. 제목에서 '코로나19, 경제에 리스크'라는 부정적 프레임을 사용하고 있음."
453,98f3fccf8ff3,2018-08-28,한국경제TV,경제지,기준금리,가계빚·집값 '들썩'…그래도 금리 동결?,부정,,,중립,R2 적용: 금리 동결 전망과 인상 필요성 주장이 병렬로 제시되어 평가를 유보하고 있음.
474,9fdf6cb820b2,2024-03-04,조선일보,보수,GDP_성장률,"올해 가계빚, GDP보다 적어지나",부정,,,중립,R2 적용: 긍정적인 하락 가능성과 부정적인 높은 수준이 병렬로 제시됨.
475,c202ae50995f,2021-08-31,연합뉴스,통신사/방송,가계부채,가계부채·부동산시장 대응 방향 관계장관회의서 논의,중립,,,중립,R0: 사건 자체의 호재/악재와 관계없이 건조한 사실 전달에 집중하고 있음.
479,0d6c0ba25af6,2017-08-11,매일경제,경제지,부동산가격,오피스빌딩·마트… 해외부동산에도 투자 부동산공모펀드 완판행진 인기몰이,긍정,,,긍정,R1. 제목에서 '완판행진 인기몰이'라는 긍정적 프레이밍을 사용하여 긍정으로 분류됨.
481,0ca0da94f4b1,2021-08-30,연합뉴스,통신사/방송,경기침체,"울산 북구, 2회 추경예산안 281억원 증액 편성",,Y,추경예산안이 뭔지 모르겠음.,중립,"R0: 사건 자체의 호재/악재는 판단 대상이 아니며, 예산 증액과 관련된 사실과 수치만을 전달하고 있음."
482,c0e7dc7fc0af,2023-08-23,서울경제,경제지,경기침체,"""물가 2% 목표는 과도…경기침체·실업 유발"" 연준 정책 논란 확산",부정,,,부정,"R0: 제목에서 '경기침체·실업 유발'이라는 부정적 프레임을 사용하고 있으며, 본문에서도 2% 목표가 경제 둔화와 실업을 유발할 수 있다는 우려를 강조하고 있습니다."
483,a81ea846f83f,2021-12-21,경향신문,진보,부동산_대출,농협·신협 부동산건설업 대출 규모 총대출의 30% 이내 제한,부정,,,중립,"R0: 대출 제한 조치와 관련된 사실과 수치를 전달하고 있으며, 긍정이나 부정의 해석 없이 중립적으로 서술됨."
506,a2077e90e706,2024-03-05,한겨레,진보,가계부채,"진보당, 비례대표 1번에 장진숙…2번 전종덕·3번 손솔",,Y,정치이야기인데,중립,R0: 사건 자체의 호재/악재와 관계없이 건조한 사실 전달로 중립입니다.
512,271d915eedd0,2021-02-17,조선일보,보수,부동산가격,“부동산 잡으면 쏜다”고 했는데...4년째 주인 못찾은 문재인 피자,부정,,,부정,R0: 제목에서 부동산 가격 상승과 공약 미이행을 강조하며 부정적 프레임을 형성하고 있음.
524,c9784ca21bf7,2020-03-02,매일경제,경제지,국채_금리,국채 3년물 장중 신저점…강세장 이어질듯,긍정,,,부정,R0: 채권 금리의 신저점 경신과 코로나19 여파로 인한 강세장 지속 전망을 부정적으로 서술
555,d2f27c23ff90,2023-03-05,SBS Biz,경제지,반도체_수출,역대급 반도체 '한파'…1월 반도체 재고율 26년만에 '최고',부정,,,부정,"R0: 반도체 경기 불황과 재고율 급등, 출하지수 급락 등 부정적 서술이 주를 이룸."
559,bbe8577338ba,2017-08-16,연합뉴스,통신사/방송,최저임금,"바른사회시민회의 ""최저임금 인상, '시장의 복수' 부를 것""",부정,,,부정,R0: 기사 전반적으로 문재인 정부의 경제 정책에 대한 비판과 우려를 중심으로 서술하고 있음.
564,dc39992f4e38,2024-09-05,서울경제,경제지,기준금리,"""한은, 금리 0.25%P씩 3번 내리면 민간 이자부담 8.9조 줄어""",부정,,,부정,"R0: 금리 인하의 긍정적 효과를 언급하지만, 전반적으로 민간 부채 증가와 연체율 급증 등 위기 상황을 강조하고 있어 부정적 프레임이 강합니다."
577,1d87bac0cf4b,2022-08-29,한국경제TV,경제지,기준금리,"""한은 내년까지 금리인상 기조…연말 3% 뛴다""",,Y,,부정,"R0: 금리 인상과 관련된 우려와 위기의 틀로 서술됨. 외국인 투자 자금 유출과 원화 약세, 물가 상승 압력 등 부정적 결과를 강조."
