gold_id,article_id,date,media_name,media_group,event_type,title,content_preview,label,confidence,note
463,15a6ab624097,2021-02-25,서울경제,경제지,기준금리,"한은, 기준금리 0.50% 동결···""수요 측면 물가상승압력 크지 않아""",지난해 5월 이후 9개월째 0.50% 동결 올해 경제성장률 전망치는 3.0%로 유지 소비자물가 상승률은 1.0%에서 1.3%로 상향 [서울경제] 한국은행 금융통화위원회가 기준금리를 사상 최저 수준인 연 0.50%를 유지하기로 결정했다. 국제유가 상승 등으로 인플레이션에 대한 우려가 나오고 있는 상황이지만 수요 측면의 물가상승압력이 크지 않고 신종 코로나바이러스 감염증(코로나19)에 따른 경기 불확실성이 더 크다고 판단한 것이다. 한은 금통위는 25일 통화정책방향 결정회의를 열고 기준금리를 연 0.50%에서 동결하기로 결정했다고 밝혔다. 금통위는 지난해 5월 기준금리를 0.75%에서 0.50%로 0.25%포인트 인하한 뒤 9개월째 동결 중이다. 이날 금통위는 금리 결정 뒤 통화정책방향 결정문을 통해 “국내 경,,,
59,a74dfeada7f9,2025-08-16,한국경제,경제지,부동산_대출,"""강남까지 40분이면 간다"" 환호…집값 들썩이는 동네",대출 규제 반사익…'서울 인접' 하남에 관심 경기 하남 아파트값과 전셋값 상승세가 이어지고 있다. 대출 규제가 강화된 영향이다. 보유 현금만으로 서울 아파트를 사기 힘들어지면서 서울과 가까운 하남에 관심이 쏠리고 있다는 분석이 나온다. 16일 한국부동산원에 따르면 하남 아파트값은 8월 둘째 주 0.14% 올랐다. 지난 6월 28일 수도권 대출 규제 강화 이후로는 0.8% 상승했다. 올해 상승분(2.0%)의 38%가 이 기간 이뤄졌다. 업계 관계자는 “수도권에서 대출이 최대 6억원까지만 나오게 돼 서울 아파트 매수가 쉽지 않다”며 “서울 빌라는 대안이 못 되다 보니 입지 좋은 경기도권 아파트를 알아보는 사람이 늘었다”고 설명했다. 하남은 최근 신고가가 많이 뛰었다. 지난 9일 망월동 ‘미사강변 효성해링턴플레이,,,
425,d5d9e66b312f,2020-07-20,한국경제,경제지,최저임금,최저임금 인상에…'CU노무관리 앱' 인기,"뉴스카페 '퇴근해CU' 가입자 2배로 증가 점주들, 알바 급여 손쉽게 계산 올해 초부터 한 편의점의 가맹점을 운영해온 김민태 씨(63)는 최근 억울한 일을 겪었다. 한 달 동안 일하고 나서 ‘잠수’를 탄 아르바이트생이 며칠 전 “월급에 주휴수당이 포함되지 않았다”며 “주휴수당을 두 배로 주지 않으면 고용노동청에 고발하겠다”고 문자를 보낸 것이다. 수십 년간 회사원으로 일하다 정년퇴직한 김씨는 노무에 대해 아는 게 없었다. 며칠 밤을 고민했지만 물어볼 곳이 없었고, 신고당할까 봐 두려워 아르바이트생이 요구한 금액을 줬다. 그런데 알고 보니 아르바이트생은 1주일에 12시간만 일해 주휴수당 대상자(주 15시간 근무)가 아니었다. 편의점 가맹점주에게 가장 어려운 일 중 하나가 노무관리다. 노무 지식이 없는 다수 가",,,
392,91b6497df657,2016-08-29,연합뉴스,통신사/방송,물가_인상,"뉴욕증시, 미 금리 인상 경계 속 소폭 상승 출발","(뉴욕=연합뉴스) 신은실 연합인포맥스 특파원 = 뉴욕증시는 29일 미국 기준금리 인상 경계 속에 소폭 상승 출발했다. 오전 9시35분(미 동부시간) 현재 다우존스 30 산업평균지수는 전장보다 65.33포인트(0.36%) 상승한 18,460.73을, 스탠더드앤드푸어스(S&P) 500 지수는 6.87포인트(0.32%) 높은 2,175.91을 각각 나타냈다. 시장은 이날 발표되는 경제 지표와 지난주 있었던 재닛 옐런 연방준비제도(Fed·연준) 의장을 비롯한 연준 위원들의 잭슨홀 심포지엄 발언을 주목하고 있다. 옐런 의장은 기준금리 인상을 위한 근거가 강화되고 있다고 진단했지만, 기준금리 인상 시기에 대해서는 언급하지 않았다. 같은 날 스탠리 피셔 연준 부의장은 CNBC와의 인터뷰에서 9월 기준금리 인상도 가능할 ",,,
247,79228c323c9e,2024-02-04,경향신문,진보,GDP_성장률,지난해 GDP 1.4%…저성장 늪에 빠진 한국,"심각한 내수 부진·수출 둔화 영향 1.4%. 지난해 한국의 국내총생산(GDP) 성장률이다. 외환위기, 글로벌 금융위기, 코로나19 사태 등과 같은 경제위기를 제외하면 사실상 최저 수준이다. 일본을 비롯한 주요 선진국과 비교해도 낮다. 대외 요인과 함께 국내적으로 내수가 얼어붙고 수출이 경쟁력을 잃어버린 탓이 크다. 저성장 위기를 경고하는 목소리가 커지고 있다. 성장률 1.4%의 의미 성장률 1.4%는 경제 규모가 큰 미국(2.5%), 일본(1.9%)보다 낮은 수준이다. 일반적으로 경제 규모가 클수록 성장률은 낮다. 반대로 신흥개도국 성장률은 주요 선진국 대비 높은 편이다. 지난 1월 30일(현지시간) 국제통화기금(IMF)이 발표한 ‘1월 세계경제전망(WEO)’을 보면, 인도(6.7%), 러시아(3.0%), ",,,
333,1511c22cb1ac,2023-08-14,중앙일보,보수,GDP_성장률,"중국 관광객, 2019년 절반만 와도 한국GDP 0.2%P 상승","중국 정부가 약 6년 만에 자국민의 한국 단체여행 빗장을 풀면서 국내 경제에 훈풍이 불 거란 기대가 나온다. ‘유커(游客·중국 관광객)’의 입국이 본격화하면 국내총생산(GDP)·여행수지 개선에 기여할 수 있어서다. 반면에 악화한 한·중 관계와 부진한 중국 경제 상황을 고려하면 ‘유커의 귀환’에 따른 효과는 제한적이라는 전망도 제기된다. 중국 문화여유부는 지난 10일 한국과 일본·미국 등 78개국에 대한 단체여행을 허가한다고 발표했다. 한국행 단체여행 자유화는 2017년 한국의 사드(THAAD·고고도미사일방어) 체계 배치를 빌미로 중국이 제재에 나선 이후 6년5개월 만이다. 이에 급격히 꺾였던 방한 중국인 관광객 수의 반등이 기대된다. 한국관광공사에 따르면 방한 중국인 관광객은 2016년 807만 명, 201",,,
165,1a2b1f2e56ce,2019-02-28,한국경제TV,경제지,환율_달러,美 경기논쟁 심해진다 주식·채권·달러·금·부동산 어떻게?,"미국 시간으로 오늘 그동안 셧 다운으로 지연됐던 4분기 성장률이 발표될 예정인데예상대로 1%대로 나올 경우 미국 경기 논쟁이 심해질 것으로 예상되고 있습니다. 미국 경기 향방에 따라서는 미국 주식과 달러 등 많은 분야에 영향을 미칠 것으로 보이는데요. 그래서 오늘은 이 문제를 알아보는 시간 마련했습니다. 도움 말씀을 주기 위해 한국경제신문, 한 상 춘 논설위원이 이 자리에 나와 계십니다. Q. 한 위원님 안녕하십니까? 작년 4분기 미국 경제 성장률이 오늘 발표될 예정인데요. 어떻게 나올 것으로 보십니까? -‘셧 다운’으로 연기된 속보치와 잠정치 발표 -작년 2분기 성장률 4.2% 정점, 3분기 3.4%로 둔화 -GDP 항목별 기여도, 민간 소비가 70% 차지 -대표 소비지표인 소매판매 부진, 성장률 하락 -",,,
323,8bddffe92f4c,2018-09-04,서울경제,경제지,소비자물가,"19만4,000원 VS 24만5,000원...쌀 목표가 논란","정부, 현행 18만8,000원 대비 6,000원 인상으로 방향 잡았지만 농민단체 24만5,000원까지 요구 세수부담·물가인상 요인 우려속 농민요구 마냥 무시못해 전전긍긍 [서울경제] 정부가 2022년까지 적용되는 쌀 목표가격을 현행 18만 8,000원 대비 6,000원 인상으로 방향을 잡았지만 24만 5,000 원까지 올려야 한다는 농민단체와 야당의 요구에 고심이 깊어지고 있다. 쌀 목표 가격 인상은 쌀 값 인상 요인으로 작용해 ‘밥상머리 물가’를 높일 수 있다는 우려가 크지만 그렇다고 농민의 요구를 마냥 무시할 수 없기 때문이다. 4일 농림축산식품부에 따르면 정부가 기본적으로 설정한 2018~2022년의 쌀 목표가격은 19만 4,000원이다. 이 가격 역시 법률로서 정하고 있는 목표가격 산식보다도 높게 책",,,
181,d984f2446056,2018-02-26,서울경제,경제지,물가_인상,"서울 택시요금, 5년만에 오르나···지방선거 후 15~25% 인상 유력","업계 “현 요금으로는 최저생계비도 못 맞춰” 서울시·업계·전문가 포함 TF 통해 연내 결정 예정 서울시가 2013년 이후 5년째 동결 중인 택시요금을 연내 인상하는 쪽으로 가닥을 잡았다. /연합뉴스 [서울경제] 서울시가 2013년 이후 5년째 동결 중인 택시요금을 연내 인상하는 쪽으로 가닥을 잡았다. 인상 비율은 15∼25%, 시기는 지방선거 일정을 고려했을 때 올 하반기가 유력하다는 전망이 나온다. 26일 서울시의회·서울시·택시업계 등에 따르면 시는 지난 연말 도시교통본부 소속 공무원은 물론 택시 노사, 전문가, 시민사회 등으로 이뤄진 ‘택시 노사민전정 협의체’를 꾸려 이 같은 논의를 진행하고 있다. 시가 5년 만에 택시요금을 조정하는 원인은 최근 물가상승과 최저임금 인상으로 인해 현 요금체계 하에서는 택",,,
160,55909c333207,2022-07-05,연합뉴스,통신사/방송,가계부채,'가계부채 안정' 고승범 위원장 이임식…김주현 임명수순 밟나,"(서울=연합뉴스) 오주현 기자 = 고승범 금융위원장이 5일 퇴임하는 가운데 후임 김주현 금융위원장 후보자가 곧 임명 수순을 밟을지 관심이 쏠린다. 금융권에 따르면 고 위원장은 이날 오전 정부서울청사 별관에서 이임식을 연다. 지난해 8월 취임한 고 위원장은 재임 기간이 짧았지만, 가계부채 급증 문제를 안정시켰다는 평가를 받는다. 금융사들에 가계부채 총량을 전년보다 5% 수준 이상 늘리지 않도록 주문하는 등 강력한 가계부채 총량 규제를 시행하고, 총부채원리금상환비율(DSR) 규제를 더욱 강화해 '가계부채 저승사자'라는 별명을 얻기도 했다. 그는 소상공인 등 취약층에 대한 금융 지원, 무질서한 가상자산(가상화폐) 시장의 제도화 등에도 적극적인 역할을 했다는 평가를 받는다. 고 위원장은 이임사에서 그간의 소회를 밝",,,
327,51049a42de19,2022-08-18,경향신문,진보,경기침체,경기 침체 우려에도 상반기 상장사 실적 역대 최대…하반기 부진 전망도,"코스피·코스닥 상장사 상반기 매출·영업이익·순이익 최대 코스피, 흑자기업이 80.10%…지난해 83.42%보다 감소 “경기둔화 본격화되며 하반기에는 기업이익 감소할 것” 우려도 경기 침체 우려 속에서도 코스피 상장사들이 올해 상반기 양호한 실적을 거둔 것으로 나타났다. 코스피·코스닥 상장사의 매출액, 영업이익, 순이익 모두 상반기 기준 역대 최대 규모를 기록했다. 다만, 하반기에는 경기 둔화가 본격화됨에 따라 기업 이익도 감소할 것이라는 전망이 나온다. 18일 한국거래소와 한국상장회사협의회에 따르면 유가증권시장(코스피) 12월 결산 상장기업 603개사(금융업 등 제외)의 올해 상반기 연결기준 매출액은 1361조8708조원으로, 지난해 동기 대비 25.09% 증가했다. 영업이익은 107조3084억원으로 16.",,,
406,ed8a6fc1b2e4,2025-09-04,연합뉴스TV,통신사/방송,경상수지,7월 경상수지 107.8억 달러 흑자 '역대 최대'…27개월 연속 흑자,"우리나라 경상수지가 역대 최대 흑자를 기록했습니다. 오늘(4일) 한국은행에 따르면, 지난 7월 경상수지는 107억8천만 달러 흑자를 나타냈습니다. 2000년대 들어서 두 번째로 긴 흑자 흐름이자, 7월 기준으로 역대 최대 흑자 폭입니다. 가장 많은 비중을 차지하는 상품수지는 102억7천만 달러 흑자를 기록했는데, 7월 기준으로 역대 3위 규모입니다. 상품수지의 수출은 597억8천만 달러로 작년 같은 기간에 비해 2.3% 증가했고, 수입은 495억1천만 달러로 0.9% 감소했습니다. 통관 기준으로 보면, 수출은 반도체와 선박 등의 호조로 608억1천만 달러를 기록하며 작년보다 5.8% 늘어났습니다. 품목별로는 반도체(+30.6%)와 선박(+114.0%)의 수출이 크게 늘었습니다. 수입도 자본재(+6.2%)와 ",,,
80,9f06fbc9afc0,2024-10-24,연합뉴스,통신사/방송,부동산_대출,새마을금고 임원가담 933억 부동산 불법 대출 일당 109명 송치(종합),"214억 추가 불법 대출 적발…113억 기소전 몰수 추징 (의정부=연합뉴스) 최재훈 기자 = 새마을금고 임원까지 가담한 933억원대 부동산 불법 대출 사건의 공범 33명이 추가로 무더기 검거됐다. 경찰은 지난 5월 주범인 대출 브로커 A씨와 새마을금고 모 지점 전 임원 B씨를 구속 송치하고 수사를 마무리했다. 검거된 33명을 포함해 송치 인원만 총 109명이다. 경기북부경찰청 반부패·경제범죄 수사 2대는 특정경제범죄가중처벌 등에 관한 법률 위반 등 혐의로 부동산 회사 실운영자와 공인중개사, 명의대여자 등 33명을 송치했다고 24일 밝혔다. 이번에 검거된 부동산 회사 실운영자 C씨는 브로커 A씨와 공모해 약 214억원의 불법 대출을 받은 혐의를 받는다. 계약 형태는 C씨가 A씨에게 속칭 '작업 대출'을 의뢰하",,,
530,81425a5cba87,2018-12-06,SBS Biz,경제지,경상수지,경상수지 80개월 연속 흑자…‘역대 최대치’ 수출 영향,"■ 경제와이드 백브리핑 시시각각 <앵커> 지난 10월 경상수지가 역대 가장 긴, 80개월 연속 흑자 행진을 이어갔습니다. 수출이 사상 최대 기록을 세운 영향이 큰 것이라는 분석인데요. 자세한 내용, 취재기자 연결해 알아보겠습니다. 정지환 기자, 이번에 경상수지 흑자가 얼마나 확대된 겁니까? <기자> 한국은행에 따르면 지난 10월 경상수지는 91억9천만달러 흑자를 기록했습니다. 이로써 지난 2012년 3월 시작한 흑자기록이 80개월 연속 이어진 건데요. 흑자규모는 한달 전인 9월에 비해서는 줄어들었지만, 1년 전보다는 60% 넘게 커졌습니다. <앵커> 이렇게 최장기간 흑자를 이어갈 수 있었던 이유는 뭘까요? <기자> 수출입 차이를 나타내는 상품수지가 큰 영향을 미쳤습니다. 10월 수출액은 1년 전보다 30% ",,,
504,89049e6810bd,2023-03-01,한국경제TV,경제지,반도체_수출,수출 5개월 연속 마이너스…반도체 42.5% 급감,수출이 5개월 연속 마이너스 성장했다. 반면 수입은 늘어나 무역적자 행진이 1년째 이어졌다. 산업통상자원부는 1일 2월 수출입 동향을 발표했다. 지난달 수출액은 501억달러로 작년 같은 달(541억6천만달러)보다 7.5% 감소한 것으로 집계됐다. 수출은 글로벌 경기 둔화 흐름이 이어지는 가운데 반도체 업황 악화의 직격탄을 맞아 작년 10월부터 5개월째 감소세가 계속됐다. 특히 우리나라 최대 수출 폼목인 반도체의 지난달 수출액은 제품 가격 하락으로 작년보다 42.5%(44억달러) 급감하면서 7개월째 내리막을 걷고 있다. 다만 지난해 2월 수출이 동월 기준 역대 최고 실적을 낸 데 따른 기저효과도 일부 영향을 끼쳤다고 산업부는 설명했다. 2월 수입은 554억달러로 3.6% 증가했다. 에너지 수입이 작년보다 19,,,
493,e7530f244869,2017-02-21,연합뉴스,통신사/방송,부동산가격,중국인들 5년간 여의도 면적 6배 땅 샀다,"KB금융경영연구소 보고서…작년에만 여의도 면적 사들여 제주도 외국인 토지 43%가 중국인 소유 (서울=연합뉴스) 송광호 기자 = 닥치는 대로 매입해 전 세계 부동산 가격을 높인다는 원성을 듣는 중국인 투자자들이 국내에서도 부동산을 거침없이 사들이고 있는 것으로 나타났다. 중국인의 부동산 매입은 지난 5년 사이에 5배나 늘었다. 작년에만 여의도 면적(290만㎡) 크기에 육박하는 부동산을 사들여 중국인 소유 부동산은 여의도 면적의 여섯 배로 불어났다. 이는 공시지가 기준으로 2조5천억 원에 달한다. 22일 KB금융경영연구소의 '외국인의 한국 부동산 투자 동향' 보고서를 보면, 2016년 기준 체류 외국인 수는 200만명을 넘었다. 이는 국내 총인구 5천100만 명 대비 약 3.9%에 달한다. 이 가운데 중국인이",,,
312,70d0416bc62e,2021-02-25,조선일보,보수,기준금리,한은 이주열 총재 “물가 예의 주시 중”... 기준금리는 동결,"25일 오전 한국은행 금융통화위원회가 끝난 뒤 시작된 이주열 한은 총재의 온라인 기자간담회. 이 총재가 자리에 앉자마자 인플레이션(물가 상승) 우려에 대한 질문이 쏟아졌다. 미국 국채 금리가 1년 만에 1.4%(10년 만기 기준)를 넘어서고, 금리 상승으로 최근 증시가 불안한 흐름을 보이는 데 대한 이 총재의 진단과 처방에 관심이 몰린 것이다. 이 총재는 “유가와 곡물 가격이 오르고 있어 유의해서 관찰하고 있다. 인플레이션(물가 상승)이 당장 닥치지는 않겠지만 면밀히 주시하겠다”고 답했다. 한은 금통위는 이날 기준금리를 연 0.5%로 동결하고, 올해 경제성장률 전망치도 지난 11월 내놓은 3.0%로 유지했다. 그러나 소비자물가 상승률 전망치는 종전 1.0%에서 1.3%로 상향 조정했다. 글로벌 시장을 먹구름",,,
592,09e0bc830014,2019-02-17,연합뉴스,통신사/방송,가계부채,가계대출은 건전성 되레 개선…돈줄 막힌 저소득층 어디로,"가계대출 채무불이행자 비율 1년새 0.17%p↓…개인사업자대출은 0.11%p↑ ""규제 '풍선효과'로 저신용 차주, 자영업자 대출로 몰려 부실화 진행중"" (서울=연합뉴스) 박용주 홍정규 박의래 김경윤 기자 = 정부가 가계대출 규제의 고삐를 조이면서 가계대출과 개인사업자(자영업자) 대출의 건전성이 양극화되는 현상이 관측됐다. 대출 규제가 강하게 부과된 가계대출에서 금융사들이 신용도가 높고 소득이 많은 우량차주를 골라 받음에 따라 은행 문턱을 넘지 못한 저신용·저소득층이 가계대출에 비해 규제가 약했던 개인사업자 대출로 몰렸다. 이 때문에 경기 여건이 점차 악화하면서 개인사업자 대출이 부실화하고 가계대출의 질은 개선되는 상황이 나타났다. 17일 더불어민주당 최운열 의원실이 나이스(NICE)신용평가로부터 제출받은 가",,,
515,8067688c2833,2017-08-22,매일경제,경제지,부동산_대출,부동산대출채권펀드 올 수익률 -30% 최악…금리인상·부동산 경기악화 탓,"부동산 대출채권에 투자하는 공모펀드들이 부동산 경기 침체 여파로 우울한 성적표를 받았다. 국내 공모펀드 전체 유형별 수익률 중 최악의 성과를 냈다. 부동산 대출채권 펀드는 부동산 매입이나 개발에 필요한 자금을 빌려주거나 기존 대출을 차환해주고 이자 수익을 추구하는 펀드다. 작년까지만 해도 저금리와 국내 부동산 경기 호조에 힘입어 두 자릿수 수익률을 올렸던 부동산 대출채권 펀드는 올 들어 금리 인상 기조와 부동산 경기 악화 여파로 맥을 못 추는 모양새다. 22일 펀드평가사 에프앤가이드에 따르면 공모 부동산 대출채권 펀드의 연초 이후 수익률은 -30.5%(18일 기준), 최근 6개월과 3개월 수익률은 각각 -30.9%, -23.3%로 집계됐다. 이는국내 공모펀드 전체 유형을 통틀어 가장 나쁜 성적이다. 그나마 ",,,
531,bde7b5a3da49,2016-09-05,한국경제,경제지,부동산_대출,"김재수 장관 취임 일성 ""언론사 고발""","""청문회 과정서 시골 출신 흙수저라고 무시당했다"" ""인사청문회 방식 바꿀 것"" ""화풀이식 대응 부적절"" 지적도 [ 김재후/이승우 기자 ] 김재수 농림축산식품부 장관(사진)의 첫 취임 일성은 ‘언론사 고발’이었다. 김 장관은 5일 정부세종청사에서 열린 취임식 직후 기자실을 찾아 “청문회 과정에서 의도적으로 사실을 왜곡한 언론에 대해 법적 조치를 하겠다”고 밝혔다. 김 장관은 이날 모교인 경북대 커뮤니티에 쓴 글에 대해 해명하면서 목소리를 높였다. 그는 커뮤니티에서 “이번 청문회 과정에서 온갖 모함과 음해, 정치적 공격이 있었다”며 “시골 출신(경북 영양)에 지방학교를 나온 이른바 ‘흙수저’라고 무시당한 것”이라고 주장했다. 그러면서 “언론도 당사자의 해명은 전혀 듣지 않고 야당 주장만 일방적으로 보도했다”며 ",,,
372,e467bff55036,2020-02-20,경향신문,진보,부동산_대출,수원·안양·의왕 ‘핀셋 규제’…‘12·16 대책’ 풍선효과 차단,"정부, 조정대상지역 추가 지정 부동산 ‘대출규제 강화’가 핵심 수원시 영통·권선·장안구와 안양시 만안구, 의왕시 등 경기 남부 5곳이 조정대상지역으로 추가 지정됐다. 이곳을 포함해 전국 총 44곳 조정대상지역에서 주택담보인정비율(LTV)은 기존 60%에서 50%로 낮아지고, 이 중 9억원 초과분에 대해서는 LTV가 30%까지 낮아진다. 지난해 12·16 부동산대책 이후 ‘풍선효과’로 비규제지역에서 집값이 오르자 나온 조치다. 국토교통부와 기획재정부, 금융위원회는 20일 이 같은 내용을 담은 ‘2·20 부동산대책’을 발표했다. 지난해 12·16대책 이후 서울 집값은 안정된 반면 경기도는 개발호재 지역을 중심으로 집값이 빠르게 상승하자 두 달 만에 투기수요를 차단하기 위해 또다시 대책을 내놓은 것이다. 현 정부",,,
106,71633724325f,2016-09-04,서울경제,경제지,경기침체,"노원구, 재개발 지역 집수리사업 강화","서울 노원구는 주택경기 침체로 지연되고 있는 재개발·재건축 지역에 대한 주거의 질을 높이고 안전을 강화한다고 4일 밝혔다. 구는 10억원을 들여 노후화하고 있는 상계뉴타운(1·2·5구역)과 중계본동 주택재개발지역에 대한 집수리사업을 강화해 지역 주민들의 삶의 질을 높인다는 계획이다. 또 이들 지역에 대한 안전을 강화하기 위해 2억2,000만원을 들여 재개발·재건축지역 주요 진입로 및 취약지점 등에 CCTV 32대와 표지판 146개를 10월까지 설치하기로 했다. 구는 지난 4월 한국에너지재단의 에너지효율 개선사업 시행기관 모집에 응모해 7억6,000여만원을 확보하고 재개발지역 등 저소득 주민 약 511가구를 대상으로 집수리를 할 예정이다. 그동안 구는 서울시로부터 1억9,000여만원을 지원받아 상반기에 112",,,
246,f87f2ce9f242,2026-03-05,한국경제,경제지,국채_금리,기름값이 아니라 '달러'가 문제…에너지 쇼크의 숨은 폭탄,이 기사는 국내 최대 해외 투자정보 플랫폼 한경 글로벌마켓 에 게재된 기사입니다. 미국과 이스라엘의 이란 공격으로 촉발된 중동발 글로벌 에너지 공급망 위기가 전 세계 외환과 자본 시장을 흔들고 있다. 에너지 수입국의 대외수지 악화와 중앙은행의 통화정책 한계를 미리 반영하면서다. 원유 부족으로 물가 상승까지 이어지면 그 충격파는 더 커질 전망이다. 원유값 급등 5일 로이터통신에 따르면 아시아 거래 시간대 기준 글로벌 벤치마크인 브렌트유 선물 가격은 배럴당 82.57달러로 거래됐다. 최근 이틀간 5% 이상의 상승을 보였다. 미국 서부텍사스산원유(WTI) 역시 배럴당 75.28달러로 치솟았다. 직전 거래일인 3일 장중 브렌트유는 배럴당 85.12달러를 터치하며 2024년 7월 이후 1년 8개월 만에 최고치를 기록,,,
268,2e2467622b23,2019-09-02,한겨레,진보,반도체_수출,일본 수출 규제 지지 여론 67%…한달 새 9%p 상승,"닛케이 여론조사, 강경 여론 확산 아베 내각 지지율 58% 올해 최고치 수출규제에 대해 일본인 67%가 지지하고 있다는 여론조사 결과가 나왔다. 한달 새 9%p 지지 여론이 상승했으며. 일본 내 대 한국 강경론이 확산하고 있음을 엿볼 수 있다. <니혼게이자이신문>은 지난달 30일부터 1일까지 18살 이상 948명(응답자 기준)을 대상으로 전화 여론조사를 해보니 이런 결과가 나왔다고 2일 보도했다. ‘일본 정부가 한국에 반도체 소재 수출 관리를 강화한 것에 대해 지지하느냐’는 물음에 ‘지지하지 않는다’는 응답은 19%에 지나지 않았다. 지난 7월 26∼28일 조사 때 비슷한 질문에 대해 지지한다는 응답은 58%였으며, 지지하지 않는다는 응답은 20%였다. 지지한다는 응답이 9% 증가한 배경에는 유보적 태도를 ",,,
88,237d56f86044,2020-02-27,연합뉴스,통신사/방송,가계부채,"증권가 ""한은 금리인하 '선택' 아닌 '필수'…4월 유력""(종합2보)","금통위원 2명 금리인하 소수의견…경기 불안 우려도 여전 글로벌IB도 4월 인하 전망…예상 깬 동결에 국고채 금리 급등 (서울=연합뉴스) 김기훈 김아람 곽민서 기자 = 한국은행 금융통화위원회가 27일 기준금리를 현 수준인 연 1.25%로 동결하자 증권가에서는 4월 금통위에서 금리가 인하될 가능성이 크다는 진단이 나왔다. 신종 코로나바이러스 감염증(코로나19) 확산에 따른 불확실성 고조에도 금통위가 신중한 입장을 고수했으나, 여전히 금리 인하 기대는 유효하다는 분석에 무게가 실린다. 강승원 NH투자증권 연구원은 ""2명의 금리 인하 소수의견이 유지됐고 1분기 경기지표가 크게 부진할 것으로 보여 4월에는 금리 인하가 단행될 것으로 전망한다""며 ""금리 인하 시점이 4월로 이연된 것이며 연내 동결을 유지하기는 어려울 ",,,
407,9677a01ce172,2017-03-04,국민일보,기타,최저임금,"유일호 “사회적 책무 위반하는 공공기관, 성과급 하향조정”","정부가 공공기관의 사회적 책임에 대한 평가를 강화할 방침이다. 유일호 경제부총리 겸 기획재정부 장관은 4일 서울지방조달청에서 열린 ‘2017년 공기업·준정부기관 경영평가단 워크숍’에 참석해 “최저임금 미준수, 고용차별, 불공정거래 행위 등 중요한 사회적 기본책무를 위반하는 기관에 대해서는 평가등급 및 성과급을 하향조정할 수 있도록 했다”고 밝혔다. 유 부총리는 이날 행사에서 평가단장을 맡은 박순애 서울대 행정대학원 교수와 평가위원에게 위촉장을 수여하고 방침을 설명했다. 올해 공공기관 경영평가단은 운영의 효율화 차원에서 역대 최소 규모인 100여명의 위원으로 구성됐다. 이어 유 부총리는 “불확실성이 큰 시기일수록 공공기관의 역할이 중요한만큼 공공기관이 경영효율을 높이고 경제회복 및 일자리 창출에 기여할 수 있",,,
596,414d5d6c0978,2019-08-14,서울경제,경제지,고용동향,7월 취업자 29만9천명↑···18개월만에 최대폭 증가,"[서울경제] 지난달 취업자 수가 30만명 가까이 늘어난 것으로 나타났다. 14일 통계청이 발표한 ‘고용동향’에 따르면 지난 7월 취업자 수는 2,738만3,000명으로 1년 전보다 29만9,000명(1.1%) 증가했다. 특히 지난 달 증가 폭은 지난해 1월(33만4000명) 이후 최고치다.취업자 수 증가 폭은 3개월 연속 20만명대를 넘어섰다. /정가람기자 [서울경제 바로가기] | 저작권자",,,
297,b4b87becdb75,2017-10-16,한국경제,경제지,부동산_대출,부동산 대출 문턱 높이니 지난달 자영업자 대출 26개월 만에 최대 증가,[ 김은정 기자 ] 지난달 자영업자의 은행 대출이 26개월 만에 최대 폭으로 증가했다. ‘8·2 부동산 대책’ 등의 여파로 가계대출 수요가 자영업자 대출로 옮겨갔다는 분석이 나온다. 한국은행이 16일 발표한 ‘금융시장 동향’을 보면 올 9월 말 기준 은행권 개인사업자(자영업자) 대출 잔액은 282조2000억원이다. 전월 대비 3조4000억원 늘었다. 증가액은 2015년 7월(3조7000억원) 이후 2년2개월 만에 최대다. 지난 8월 증가액(2조9000억원)과 비교하면 5000억원 많다. 부동산 전문가들은 8·2 대책 이후 가계대출 규제가 강화되자 대출 수요가 자영업자 대출로 이동하는 ‘풍선효과’도 일부 작용한 것으로 분석했다. 김은정 기자 [ 한경닷컴 바로가기 ] [ 글방 ] [ 모바일한경 구독신청 ] ha,,,
289,2a5c4f4a934a,2017-12-24,연합뉴스,통신사/방송,가계부채,대출금리 더 올린다…가계부채가 위험요인,"""미국 연준이 3번 올려도 한국은 1번…은행 대출·금리 상승 폭 소폭에 그칠 것"" 북핵 리스크, 각국 통화정책 정상화 속도, 부동산 연착륙 여부도 변수 (서울=연합뉴스) 금융팀 = 국내 주요 은행장들은 내년 시장금리 상승에 따라 대출금리를 지속적으로 올릴 것이라고 밝혔다. 정부가 내년 도입할 신(新) DTI(총부채상환비율) 등 규제의 여파로 가계부채 급증 속도는 둔화하겠지만, 가계부채의 부실 가능성이 우리 경제를 뒤흔들 수 있는 최대 위험요소라고 입을 모았다. 국내 5대 은행 은행장들은 24일 연합뉴스와 서면 인터뷰에서 내년 기준금리와 시장금리가 상승할 것으로 전망되는 만큼 은행의 예금과 대출금리도 올라갈 것이라고 답했다. 위성호 신한은행장은 ""기준금리와 시장금리가 은행의 예대 금리를 결정하는 주요 요인인데",,,
569,29e5cf0b710f,2021-03-04,SBS Biz,경제지,환율_달러,“금리가 너무해”…코스피 1% 넘게 떨어지고 환율 상승,"[앵커] 미국 국채금리 상승 여파에 코스피는 어제(3일) 상승분을 고스란히 다시 내줬습니다. 아시아 증시도 흔들렸고, 특히 원달러 환율은 장중 기준 4개월 만에 가장 높았습니다. 안지혜 기자, 코스피시장에서 개인이 홀로 2조 원 넘게 사들였는데, 빛이 바랬다고 봐야 할까요? 그렇습니다. 코스피는 어제보다 1.28% 하락한 3,040선에 거래를 마쳤습니다. 지수는 장중 한때 2% 가까이 하락하면서 3030선을 위협받기도 했는데요. 개인의 왕성한 매수세에 힘입어 장마감 직전 낙폭은 다소 줄었습니다. 외국인과 기관이 각각 9300억 원, 1조2800여억 원을 순매도한 반면에, 개인은 2조2천억 원 가까이 순매수했습니다. 코스닥도 분위기는 비슷했습니다. 개인만 사들이면서 2거래일만에 다시 하락 전환했습니다. [앵커",,,
252,b5c281b622eb,2016-06-10,연합뉴스,통신사/방송,국채_금리,"뉴욕증시, 국제유가ㆍ국채금리 하락 속 약세 출발","(뉴욕=연합뉴스) 신은실 연합인포맥스 특파원 = 뉴욕증시는 10일 국제유가와 국채금리 하락 속에 약세 출발했다. 오전 9시40분(미 동부시간) 현재 다우존스 30 산업평균지수는 전장보다 124.44포인트(0.69%) 하락한 17,860.75를, 스탠더드앤드푸어스(S&P) 500 지수는 17.23포인트(0.81%) 떨어진 2,098.25를 각각 나타냈다. 시장은 국제유가와 독일과 일본 등의 국채금리 하락, 이날 발표되는 경제 지표 등을 주목하고 있다. 독일 10년물 국채금리는 이날 오전 0.018%까지 하락하며 사상 최저치를 기록했다. 이는 이번 주 초 기록했던 0.070%에서 급격한 하락세를 보인 것이다. 일본의 10년물 국채금리도 마이너스(-) 0.13%까지 떨어졌다. 개장 후에는 미국의 6월 미시간대 소",,,
140,811463442354,2025-08-28,연합뉴스,통신사/방송,GDP_성장률,미국 2분기 성장률 잠정치 3.3%…속보치서 0.3%p 상향(종합),"전문가 전망치도 웃돌아…수입 감소와 개인소비 증가로 성장률 반등 (워싱턴=연합뉴스) 홍정규 특파원 = 미국의 2분기 국내총생산(GDP)이 3.3% 증가(직전분기 대비 연율)한 것으로 28일(현지시간) 잠정 집계됐다. 이는 지난달 발표한 성장률 속보치(3.0%)보다 0.3%포인트(p) 상향 조정된 것이다. 다우존스가 집계한 전문가 전망치(3.1%)도 웃돌았다. 1분기 성장률 잠정치(-0.5%)에 견줘 큰 폭으로 반등한 수치다. 미국은 한국과 달리 직전 분기 대비 성장률(계절조정)을 연간 성장률로 환산해서 GDP 통계를 발표한다. 성장률의 반등에는 수입 감소와 개인소비 증가가 영향을 줬으며, 투자 감소가 일부 상쇄 효과를 가져왔다고 미 상무부는 밝혔다. 도널드 트럼프 행정부의 관세 정책이 1분기와 2분기 성장률",,,
587,144fe5106de7,2021-08-11,서울경제,경제지,국채_금리,美국채 금리 오르자···카뱅 등 은행주 강세,"카뱅 4.2%·KB금융 2.5%·신한지주 0.8%↑ ""금리 오르면 수익성 주목···외인 자금유입 전망"" [서울경제] 미국 국채금리가 상승 흐름을 보이자 국내 은행주들에 대한 투자 심리가 개선되며 주가가 동반 강세를 기록했다. 11일 유가증권시장에서 카카오뱅크(323410) 는 전 거래일보다 4.20% 오른 7만 4,400원에 거래를 마쳤다. KB금융(105560) 와 신한지주(055550) 역시 전일 대비 각각 2.49%, 0.77% 상승한 5만 3,600원, 3만 9,200원에 장을 마감했다. 이 밖에 하나금융지주(086790) (1.69%), 기업은행(024110) (1.46%), 우리금융지주(316140) (1.35%) 등도 모두 강세를 기록했다. 카카오뱅크를 제외한 8개 은행주로 구성된 KRX은행지수",,,
503,386bdc69a31d,2026-02-27,한국경제TV,경제지,물가_인상,"교촌·BHC·BBQ 등 ""'꼼수' 가격 인상 안 해""","가격 올리거나 무게 줄이면 1주일 전 공지 국내 주요 외식기업들이 음식 무게를 슬그머니 줄여 가격을 올리는 '꼼수 인상'을 하지 않겠다는 내용의 협약을 맺었다. 최소 1주일 전에 가격 인상 계획을 알리기로 합의한 것이다. 공정거래위원회는 '가격인상 등 정보제공을 위한 협약'을 직영·가맹점 사업을 벌이는 7개 외식기업과 체결했다고 27일 밝혔다. 외식 상품 가격을 인상하거나 중량을 줄일 때는 미리 소비자에게 알린다는 내용이 골자다. 협약에 참여한 기업은 교촌에프앤비, 다이닝브랜즈그룹, 롯데GRS, 비알코리아, CJ푸드빌, 제너시스BBQ, 파리크라상이다. 이들은 권장소비자 가격을 인상하거나 상품 중량을 감축하는 경우, 최소 1주일 전 이 사실을 홈페이지와 언론사를 통해 소비자에게 알리기로 약속했다. 이번 협약은",,,
294,bf3b9cc56268,2025-12-14,서울경제,경제지,부동산_대출,"한은, 내년부터 부동산 대출채권 담보로 은행에 유동성 지원","한은, '긴급여신에 관한 규정' 의결 적격 담보에 신용대출 채권 등 포함 뱅크런 등 유동성 리스크에 대비 [서울경제] 내년부터 시중은행은 부동산 대출채권, 신용대출 채권을 담보로 한국은행으로부터 긴급 유동성을 지원받을 수 있다. 대규모 예금인출(뱅크런) 등 유동성 경색에 대비할 수 있도록 한은이 적격담보의 범위를 확대한 것이다. 한국은행은 14일 이 같은 내용의 ‘금융기관 대출채권을 담보로 하는 긴급여신에 관한 규정’을 의결했다고 밝혔다. 이에 내년 1월 2일부터 법인기업의 부동산담보대출(주택담보대출 제외) 채권, 차주의 신용등급이 ‘BBB-’ 등급 이상이거나 예상 부도 확률이 1% 이내인 대출채권이 새로운 적격 담보에 포함된다. 한은이 적격 담보를 확대한 것은 지난 2023년 미국 실리콘밸리은행(SVB)에",,,
570,b87db6b07586,2026-02-07,연합뉴스,통신사/방송,수출입동향,작년 세수펑크 얼마나…1월 일자리 동향도 관심,"1월 수출입물가 공개…KDI, 성장률 수정치 발표 (서울=연합뉴스) 신호경 이준서 기자 = 다음 주(9∼13일)에는 지난해 나라 살림 형편을 짐작할 수 있는 통계가 공개되고, 고용·수출입물가 최신 지표도 나온다. 우선 재정경제부는 10일 '2025회계연도 총세입·총세출 마감 결과'와 '2025년 연간 국세 수입 현황'을 발표한다. 지난해 세수의 세부 내역이 담긴 자료다. 앞서 세수 재추계를 통해 지난해 국세 수입(369조9천억원)은 세입예산(382조4천억원)보다 12조5천억원 부족할 것으로 예상됐다. 11일에는 국가데이터처가 '1월 고용동향'을 내놓는다. 고령층을 중심으로 일자리가 늘어나는 반면 청년층 고용이 위축되는 추세가 새해에도 이어졌을 것으로 보인다. 한국개발연구원(KDI)은 11일 경제전망 수정치를",,,
319,440dc7afd5b3,2019-02-04,연합뉴스,통신사/방송,부동산_대출,장사 안되는데 빚부담 늘고…자영업자 줄었는데 대출 증가,"생계형 대출받은 자영업자들, 시장에서 구조 조정된 듯 (서울=연합뉴스) 김수현 기자 = 자영업자가 줄었는데도 자영업자 대출 증가세는 꺾이지 않은 것으로 나타났다. 대출 증가에는 임대사업자들이 받은 부동산대출의 영향이 크지만, 빚을 내 창업했다가 영업 부진으로 부채를 갚지 못한 취약 자영업자들이 구조 조정된 영향도 있다는 분석이 나온다. 4일 통계청에 따르면 작년 3분기 자영업자는 568만7천명으로 전년 동기 대비 1.0% 감소했다. 자영업자 수는 작년 1분기 감소한 뒤 2분기 보합세를 보였다가 3분기 다시 줄어드는 등 감소세다. 반면 자영업자 대출은 불어나고 있다. 한국은행에 따르면 지난해 3분기 말 자영업자 대출은 609조2천억원이었다. 자영업자 대출은 꾸준히 증가하며 분기 기준으로 처음으로 600조원을 ",,,
26,011cf2a65cb9,2019-03-02,조선일보,보수,반도체_수출,"2월 수출 -11%, 3년 만에 최대폭 하락","2월 수출이 전년 동기 대비 마이너스 11.1%를 기록하며 2016년 2월(-13.4%) 이후 3년 만에 최대 폭으로 줄었다. 작년 12월부터 3개월 연속 수출이 줄어들었고 감소 폭도 커지고 있다. 1일 산업통상자원부가 발표한 '2월 수출입 동향'에 따르면 2월 수출액은 395억6000만달러(약 44조4700억원)로 작년 2월(445억2000만달러·약 50조원)에 비해 11.1%나 줄어들었다. 작년 12월 1.7% 수출 감소로 돌아선 이래 올 1월엔 마이너스 5.9%로 감소 폭이 늘었고, 2월엔 두 자릿수 감소를 기록한 것이다. 수출이 두 자릿수로 감소한 것은 2016년 7월(-10.5%) 이후 2년 7개월 만이다. 우리나라 전체 수출의 20% 이상을 차지하며 수출을 떠받쳐온 반도체는 24.8%나 줄어 3개",,,
218,ee7ad3290eb8,2018-02-23,연합뉴스,통신사/방송,환율_달러,"코스피ㆍ코스닥 상승, 환율은 하락","(서울=연합뉴스) 김현태 기자 = 23일 오후 서울 KEB하나은행 본점 딜링룸 상황판에 코스피, 코스닥 마감지수와 환율현황이 나타나고 있다. 이날 코스피는 전 거래일 대비 37.24 포인트(1.54%) 오른 2,451.52로 마감했다. 코스닥은 전 거래일 대비 4.56 포인트(0.52%) 오른 874.78로 마감했다. 원/달러 환율은 하락세를 보였다. 2018.2.23",,,
356,198a6b61d405,2022-02-16,한국경제,경제지,국채_금리,100조 돌파한 국채 대차잔액…시장금리 더 뛰나,"국채금리 상승(국채값 하락) 노리고 빌려서 매도하는 대여금액 국채금리 오름세 전망 퍼진 영향 시장금리 상승 촉매제 역할하나 투자자들이 국채를 빌린 뒤 갚지 않은 물량인 대차(대여)거래 잔액이 100조원을 돌파하는 등 사상 최대치를 기록했다. 국채 대차는 주식의 공매도와 같은 개념이다. 주식의 하락을 내다보고 공매도를 하는 것처럼 국채 가격하락(금리는 상승)을 노리는 투자 기법이다. 국채를 빌려 매각하고, 향후 저렴하게 사들여 되갚아 수익을 거두는 기법이다. 대차거래 잔액이 많다는 것은 그만큼 국채 금리상승에 베팅하는 투자자가 늘었다는 의미다. 국채금리를 밀어올릴 변수로도 꼽힌다. 16일 기획재정부에 따르면 지난 15일 기준 국채 대차잔액 물량은 102조6037억원으로 집계됐다. 작년 말(97조6156억원)과",,,
510,2f4c28385cf0,2016-08-26,연합뉴스,통신사/방송,가계부채,"KB투자증권 ""가계부채 종합대책, 건설株 영향 제한적""","(서울=연합뉴스) 조민정 기자 = KB투자증권은 26일 정부의 가계부채 종합대책에 대해 ""담보인정비율(LTV), 총부채상환비율(DTI) 및 전매 제도가 유지되는 현 정책 기조에서 건설주가 받는 영향은 제한적""이라고 진단했다. 김세령 연구원은 ""가계부채 종합대책이 발표된 어제 현대산업개발과 대우건설 주가는 오히려 4.63%, 2.83% 상승 마감했다""며 ""이미 연초부터 은행권 집단대출이 엄격해지고 개포 주공3단지에 대한 분양 보증이 거절되는 등 주택공급 규제가 나타나던 상황이어서 리스크는 선반영된 상황""이라고 분석했다. 그는 ""저금리 기조, 주택 소유 심리 지속, 임대주택 공급 부족에 따라 실수요자 주도의 부동산 시장 상황이 계속되면서 가격 붕괴가 나타날 가능성은 미미하다""고 예상했다. 김 연구원은 이어 ""공",,,
349,c01061e13843,2021-03-05,서울경제,경제지,가계부채,"코뿔소·백조·황소·곰···경제 기사 속 동물들의 의미, 아는 분?","[서울경제] ? [아는분] 경제신문에 난데없는 동물원 개장? 이 동물들을 주목하세요!?? 코뿔소, 백조, 황소와 곰. 이 동물 친구들에겐 우리가 모르는 연결고리가 있습니다. 그 연결고리가 무엇인지, 아는 분? 이 동물들의 공통점은 바로 경제 기사에서 볼 수 있다는 점인데요. 회색 코뿔소, 블랙스완, 불마켓과 베어마켓이란 용어로 등장합니다. 먼저 회색 코뿔소부터 알아보겠습니다. 코뿔소가 달려오는 거 본 적 있으세요? 코뿔소가 달려올 때, 진동 때문에 저 멀리서부터 금방 알 수 있지만 두려움 때문에 허둥대다 큰 상처를 입게 되는 경우가 있습니다. 이렇게 예측할 수 있는 위험인데도 이를 피하지 못해 큰 재앙을 맞는 상황을 ‘회색 코뿔소’라고 합니다. 늘어나는 가계 부채와 부실한 은퇴 준비, 딱 봐도 위험해보이지 ",,,
274,7a0040ed97f6,2022-09-02,동아일보,보수,물가_인상,지난달 물가상승률 5.7%로 주춤…공공요금-채솟값은 ‘고공행진’,"8월 소비자물가 상승률이 5.7%로 집계되며 7개월 만에 상승세가 둔화됐다. 국제유가 상승세가 주춤한 게 주된 원인이었다. 하지만 농축수산물, 전기·가스·수도 등 공공요금, 외식과 장바구니 물가 등은 여전히 높은 상승 폭을 보여 서민 경제 부담은 여전한 것으로 보인다. 2일 통계청이 발표한 8월 소비자물가 동향에 따르면 지난달 소비자물가지수는 108.62(2020=100)로 지난해 같은 달보다 5.7% 올랐다. 1998년 11월(6.8%) 이후 24년 만에 최고치를 기록했던 7월(6.3%)보다 증가세는 다소 둔화했다. 물가 상승률이 전월보다 낮아진 건 올해 1월 이후 7개월 만이다. 물가 상승률은 올해 1월 3.6%를 시작으로 계속 올라 3월(4.1%)에 4%대로 올라선 뒤 6월(6.0%)과 7월에 6%대를",,,
300,b077fd100297,2025-08-31,SBS,통신사/방송,반도체_수출,"중국, 미국의 반도체 장비 통제 강화에 반발…""필요한 조치 취할 것""","▲ 삼성전자, SK 하이닉스 미국 반도체 장비 반입 제재 미국이 삼성전자와 SK하이닉스가 중국 내 공장에 미국산 반도체 제조 장비를 공급할 때 누려온 개별 허가 절차 면제를 폐지하기로 하자 중국은 미국이 글로벌 반도체 공급망을 불안정하게 만들고 있다며 '필요한 조치'를 취하겠다고 경고했습니다. 중국 상무부 대변인은 홈페이지를 통해 미국 상무부 산업안보국(BIS)이 인텔·삼성·SK하이닉스 중국 법인을 '검증된 최종 사용자'(VEU) 명단에서 제외할 것이라고 밝힌 것에 대해 ""중국은 관련 상황에 주목하고 있다""며 이같이 밝혔습니다. 대변인은 ""반도체는 고도로 세계화된 산업으로, 수십 년의 발전을 거쳐 서로 얽힌 산업 구도가 만들어졌다. 이는 시장의 규칙과 기업의 선택이 함께 작용한 결과""라며 ""미국의 이번 조치",,,
427,6e8bb16d2642,2022-11-20,매일경제,경제지,가계부채,글로벌 집값도 추풍낙엽...日 “가계부채 많은 한국 가장 불안”,"美 10월 주택거래 5.9%감소 스웨덴집값 고점서 11%내려 주택대출금리 1년새 두배로 “가계부채 많은 한국영향 불안” 미국·유럽 등 주요 국가에서도 주택가격 하락세가 본격화되고 있다. 금리인상 등 금융긴축의 효과가 나타나고 있는 것으로, 글로벌 주택시장이 급속히 냉각될 경우 가계부채나 금융기관에도 영향을 미칠 수 있다는 염려가 나온다. 20일 니혼게이자이신문(닛케이)에 따르면 미국·영국 등 뿐아니라 스웨덴, 뉴질랜드 등 주요 국가에서 2020년 이후 금리인하 등으로 상승세를 탔던 집값이 내림세로 돌아서고 있다. 닛케이는 특히 미국·영국·독일 등은 이미 지난 여름부터 내림세로 전환했다고 진단했다. 미국 부동산중개인협회(NAR)는 10월 기존주택 매매 건수가 전월보다 5.9% 줄어든 443만 건(연율)으로 2",,,
255,596f9db93751,2022-09-05,SBS Biz,경제지,경상수지,"외환보유액 감소세…""경상수지 흑자 축소 가능성""","■ 경제와이드 백브리핑 시시각각 '헤드라인' ◇ 원달러 환율 장중 연고점 경신…1370원 넘겨 미국의 긴축 속도에 관심이 쏠린 가운데 코스피가 소폭 상승세를 이어가며 2천410선을 회복했습니다. 원달러 환율은 장중 연간 최고치를 경신하면서 1370원을 넘겼습니다. ◇ 외환보유액 감소세…""경상수지 흑자 축소 가능성"" 이런 가운데 국내 외환보유액은 한 달만에 감소세로 돌아서 지난달 3조원가량 줄었습니다. 추경호 경제부총리는 대외 불확실성 확대로 경상수지 흑자 규모가 축소될 수 있다고 밝혔습니다. ◇ '차등가격제' 합의 속도…이제 우윳값 오른다 정부와 우유 관련 업계가 새로운 가격 제도 합의에 속도를 내면서 다음 단계인 원유 가격 협상이 본격화될 것으로 관측됩니다. 협상 결과에 따라 올해 우유 가격이 리터당 33",,,
148,a43848bb931b,2021-03-04,한국경제,경제지,경기침체,"1인당 국민소득 3만1755달러…伊 추월 못하고, 대만엔 턱밑 추격 당해","2019년 이어 2년 연속 뒷걸음질 글로벌 금융위기 이후 처음 신종 코로나바이러스 감염증(코로나19)에 따른 경기 침체로 지난해 1인당 국민총소득(GNI)이 1.1% 감소하며 3만1000달러대로 내려앉았다. 2019년(-4.3%)에 이은 2년 연속 감소다. 한국은행이 4일 발표한 ‘2020년 국민소득(잠정)’을 보면 지난해 1인당 GNI는 3만1755달러(3747만원)로 집계됐다. 2019년(3만2115달러)보다 1.1% 줄었다. 1인당 GNI는 한 해 동안 국민이 국내외에서 벌어들인 총소득을 인구로 나눈 것으로, 국민 생활 수준을 파악할 수 있는 대표 지표다. 이 지표가 악화한 것은 작년 실질 경제성장률이 1.0% 하락한 영향이 컸다. 성장률 하락은 외환위기 때인 1998년(-1.5%) 이후 22년 만이다",,,
169,4b8339ac4b5e,2019-02-03,조선일보,보수,소비자물가,"日, 소매물가도 통계 不正","조사원 3명이 가공의 수치 보고 일본 아베 정부의 통계 조작 파문이 갈수록 커지고 있다. 후생노동성의 '근로통계'에 이어 총무성의 '소매(小賣)물가 통계'에서도 부정이 발견됐다고 아시히신문이 2일 보도했다. 이 신문에 따르면 소매 물가 통계 작성 과정에서 지난해 오사카부(大阪府)의 조사원 3명이 가공의 수치를 보고해온 것이 드러났다. 오사카부의 60대 여성 조사원 3명은 담당하는 83개의 업소 중 44개 업소를 방문하지 않은 채 음식 가격 등 가공의 데이터를 그대로 보고해왔다. 이미 문을 닫은 업소에 대한 데이터가 계속 보고되고, 조사원이 방문한 적이 없는데도 사례품을 우편으로 배달받은 업소가 신고함에 따라 발각됐다. 일 총무성은 소매물가와 관련, 매월 약 21만 건의 보고를 수집하는데 현재까지 드러난 허위",,,
120,1be35895d319,2023-02-14,SBS Biz,경제지,GDP_성장률,일본 작년 경제성장률 1.1％…2년 연속 플러스 성장,"일본 내각부는 지난해 실질 국내총생산(GDP) 증가율이 1.1％(속보치)를 기록했다고 오늘(14일) 밝혔습니다. 일본 경제는 코로나19 여파로 2020년에 마이너스 성장률을 기록했다가 2021년 2.1％로 반등하면서 2년 연속 플러스 성장세를 보였지만, 지난해 성장률은 전년보다 둔화했습니다. 니혼게이자이신문은 ""일본 경제가 코로나19 영향에서 벗어나 완만하게 정상화되고 있다""고 분석했다습니다. 작년 4분기(10∼12월)에 물가 변동의 영향을 제외한 실질 GDP는 전 분기보다 0.2％ 늘었습니다. 일본 정부의 여행 지원 정책, 방역 정책 완화로 인한 입국자 증가로 개인 소비가 늘어난 것이 플러스 성장에 영향을 미쳤다고 교도통신은 분석했습니다. 다만 4분기 경제성장률은 시장 전망치보다 낮았고, 설비 투자도 감소",,,
368,36e59e076939,2020-08-25,연합뉴스,통신사/방송,가계부채,공급대책 발표에도 집값 상승 전망 '꿋꿋'…8월 소비심리 결과,"8월 주택가격전망 CSI 125, 사상 두번째 높은 7월 수준 전체 소비자심리지수는 넉달 연속 상승…코로나 재확산 이후 반영 안돼 (서울=연합뉴스) 성서호 기자 = 정부가 8·4 수도권 주택공급 확대 방안을 발표한 이후에도 집값 상승 전망은 꺾이지 않은 것으로 나타났다. 한국은행이 25일 발표한 소비자동향조사 결과를 보면 8월 주택가격전망 소비자동향지수(CSI)는 125로, 7월과 같았다. 지수 125는 2018년 9월(128) 이후 사상 두 번째로 높은 수준이다. 주택가격전망 CSI가 100보다 크면 향후 집값이 상승할 것으로 응답한 가구가 하락할 것으로 응답한 가구보다 많다는 뜻이다. 이번 조사는 지난 10∼14일 진행됐다. 수도권에 신규 13만2천가구 등 총 26만가구 이상의 주택을 공급하겠다는 8·4",,,
