time,value,item_name,unit,stat_name,indicator
201601,1.5,한국은행 기준금리,연%,1.3.1. 한국은행 기준금리 및 여수신금리,기준금리
201602,1.5,한국은행 기준금리,연%,1.3.1. 한국은행 기준금리 및 여수신금리,기준금리
201603,1.5,한국은행 기준금리,연%,1.3.1. 한국은행 기준금리 및 여수신금리,기준금리
201604,1.5,한국은행 기준금리,연%,1.3.1. 한국은행 기준금리 및 여수신금리,기준금리
201605,1.5,한국은행 기준금리,연%,1.3.1. 한국은행 기준금리 및 여수신금리,기준금리
201606,1.25,한국은행 기준금리,연%,1.3.1. 한국은행 기준금리 및 여수신금리,기준금리
201607,1.25,한국은행 기준금리,연%,1.3.1. 한국은행 기준금리 및 여수신금리,기준금리
201608,1.25,한국은행 기준금리,연%,1.3.1. 한국은행 기준금리 및 여수신금리,기준금리
201609,1.25,한국은행 기준금리,연%,1.3.1. 한국은행 기준금리 및 여수신금리,기준금리
201610,1.25,한국은행 기준금리,연%,1.3.1. 한국은행 기준금리 및 여수신금리,기준금리
201611,1.25,한국은행 기준금리,연%,1.3.1. 한국은행 기준금리 및 여수신금리,기준금리
201612,1.25,한국은행 기준금리,연%,1.3.1. 한국은행 기준금리 및 여수신금리,기준금리
201701,1.25,한국은행 기준금리,연%,1.3.1. 한국은행 기준금리 및 여수신금리,기준금리
201702,1.25,한국은행 기준금리,연%,1.3.1. 한국은행 기준금리 및 여수신금리,기준금리
201703,1.25,한국은행 기준금리,연%,1.3.1. 한국은행 기준금리 및 여수신금리,기준금리
201704,1.25,한국은행 기준금리,연%,1.3.1. 한국은행 기준금리 및 여수신금리,기준금리
201705,1.25,한국은행 기준금리,연%,1.3.1. 한국은행 기준금리 및 여수신금리,기준금리
201706,1.25,한국은행 기준금리,연%,1.3.1. 한국은행 기준금리 및 여수신금리,기준금리
201707,1.25,한국은행 기준금리,연%,1.3.1. 한국은행 기준금리 및 여수신금리,기준금리
201708,1.25,한국은행 기준금리,연%,1.3.1. 한국은행 기준금리 및 여수신금리,기준금리
201709,1.25,한국은행 기준금리,연%,1.3.1. 한국은행 기준금리 및 여수신금리,기준금리
201710,1.25,한국은행 기준금리,연%,1.3.1. 한국은행 기준금리 및 여수신금리,기준금리
201711,1.5,한국은행 기준금리,연%,1.3.1. 한국은행 기준금리 및 여수신금리,기준금리
201712,1.5,한국은행 기준금리,연%,1.3.1. 한국은행 기준금리 및 여수신금리,기준금리
201801,1.5,한국은행 기준금리,연%,1.3.1. 한국은행 기준금리 및 여수신금리,기준금리
201802,1.5,한국은행 기준금리,연%,1.3.1. 한국은행 기준금리 및 여수신금리,기준금리
201803,1.5,한국은행 기준금리,연%,1.3.1. 한국은행 기준금리 및 여수신금리,기준금리
201804,1.5,한국은행 기준금리,연%,1.3.1. 한국은행 기준금리 및 여수신금리,기준금리
201805,1.5,한국은행 기준금리,연%,1.3.1. 한국은행 기준금리 및 여수신금리,기준금리
201806,1.5,한국은행 기준금리,연%,1.3.1. 한국은행 기준금리 및 여수신금리,기준금리
201807,1.5,한국은행 기준금리,연%,1.3.1. 한국은행 기준금리 및 여수신금리,기준금리
201808,1.5,한국은행 기준금리,연%,1.3.1. 한국은행 기준금리 및 여수신금리,기준금리
201809,1.5,한국은행 기준금리,연%,1.3.1. 한국은행 기준금리 및 여수신금리,기준금리
201810,1.5,한국은행 기준금리,연%,1.3.1. 한국은행 기준금리 및 여수신금리,기준금리
201811,1.75,한국은행 기준금리,연%,1.3.1. 한국은행 기준금리 및 여수신금리,기준금리
201812,1.75,한국은행 기준금리,연%,1.3.1. 한국은행 기준금리 및 여수신금리,기준금리
201901,1.75,한국은행 기준금리,연%,1.3.1. 한국은행 기준금리 및 여수신금리,기준금리
201902,1.75,한국은행 기준금리,연%,1.3.1. 한국은행 기준금리 및 여수신금리,기준금리
201903,1.75,한국은행 기준금리,연%,1.3.1. 한국은행 기준금리 및 여수신금리,기준금리
201904,1.75,한국은행 기준금리,연%,1.3.1. 한국은행 기준금리 및 여수신금리,기준금리
201905,1.75,한국은행 기준금리,연%,1.3.1. 한국은행 기준금리 및 여수신금리,기준금리
201906,1.75,한국은행 기준금리,연%,1.3.1. 한국은행 기준금리 및 여수신금리,기준금리
201907,1.5,한국은행 기준금리,연%,1.3.1. 한국은행 기준금리 및 여수신금리,기준금리
201908,1.5,한국은행 기준금리,연%,1.3.1. 한국은행 기준금리 및 여수신금리,기준금리
201909,1.5,한국은행 기준금리,연%,1.3.1. 한국은행 기준금리 및 여수신금리,기준금리
201910,1.25,한국은행 기준금리,연%,1.3.1. 한국은행 기준금리 및 여수신금리,기준금리
201911,1.25,한국은행 기준금리,연%,1.3.1. 한국은행 기준금리 및 여수신금리,기준금리
201912,1.25,한국은행 기준금리,연%,1.3.1. 한국은행 기준금리 및 여수신금리,기준금리
202001,1.25,한국은행 기준금리,연%,1.3.1. 한국은행 기준금리 및 여수신금리,기준금리
202002,1.25,한국은행 기준금리,연%,1.3.1. 한국은행 기준금리 및 여수신금리,기준금리
202003,0.75,한국은행 기준금리,연%,1.3.1. 한국은행 기준금리 및 여수신금리,기준금리
202004,0.75,한국은행 기준금리,연%,1.3.1. 한국은행 기준금리 및 여수신금리,기준금리
202005,0.5,한국은행 기준금리,연%,1.3.1. 한국은행 기준금리 및 여수신금리,기준금리
202006,0.5,한국은행 기준금리,연%,1.3.1. 한국은행 기준금리 및 여수신금리,기준금리
202007,0.5,한국은행 기준금리,연%,1.3.1. 한국은행 기준금리 및 여수신금리,기준금리
202008,0.5,한국은행 기준금리,연%,1.3.1. 한국은행 기준금리 및 여수신금리,기준금리
202009,0.5,한국은행 기준금리,연%,1.3.1. 한국은행 기준금리 및 여수신금리,기준금리
202010,0.5,한국은행 기준금리,연%,1.3.1. 한국은행 기준금리 및 여수신금리,기준금리
202011,0.5,한국은행 기준금리,연%,1.3.1. 한국은행 기준금리 및 여수신금리,기준금리
202012,0.5,한국은행 기준금리,연%,1.3.1. 한국은행 기준금리 및 여수신금리,기준금리
202101,0.5,한국은행 기준금리,연%,1.3.1. 한국은행 기준금리 및 여수신금리,기준금리
202102,0.5,한국은행 기준금리,연%,1.3.1. 한국은행 기준금리 및 여수신금리,기준금리
202103,0.5,한국은행 기준금리,연%,1.3.1. 한국은행 기준금리 및 여수신금리,기준금리
202104,0.5,한국은행 기준금리,연%,1.3.1. 한국은행 기준금리 및 여수신금리,기준금리
202105,0.5,한국은행 기준금리,연%,1.3.1. 한국은행 기준금리 및 여수신금리,기준금리
202106,0.5,한국은행 기준금리,연%,1.3.1. 한국은행 기준금리 및 여수신금리,기준금리
202107,0.5,한국은행 기준금리,연%,1.3.1. 한국은행 기준금리 및 여수신금리,기준금리
202108,0.75,한국은행 기준금리,연%,1.3.1. 한국은행 기준금리 및 여수신금리,기준금리
202109,0.75,한국은행 기준금리,연%,1.3.1. 한국은행 기준금리 및 여수신금리,기준금리
202110,0.75,한국은행 기준금리,연%,1.3.1. 한국은행 기준금리 및 여수신금리,기준금리
202111,1.0,한국은행 기준금리,연%,1.3.1. 한국은행 기준금리 및 여수신금리,기준금리
202112,1.0,한국은행 기준금리,연%,1.3.1. 한국은행 기준금리 및 여수신금리,기준금리
202201,1.25,한국은행 기준금리,연%,1.3.1. 한국은행 기준금리 및 여수신금리,기준금리
202202,1.25,한국은행 기준금리,연%,1.3.1. 한국은행 기준금리 및 여수신금리,기준금리
202203,1.25,한국은행 기준금리,연%,1.3.1. 한국은행 기준금리 및 여수신금리,기준금리
202204,1.5,한국은행 기준금리,연%,1.3.1. 한국은행 기준금리 및 여수신금리,기준금리
202205,1.75,한국은행 기준금리,연%,1.3.1. 한국은행 기준금리 및 여수신금리,기준금리
202206,1.75,한국은행 기준금리,연%,1.3.1. 한국은행 기준금리 및 여수신금리,기준금리
202207,2.25,한국은행 기준금리,연%,1.3.1. 한국은행 기준금리 및 여수신금리,기준금리
202208,2.5,한국은행 기준금리,연%,1.3.1. 한국은행 기준금리 및 여수신금리,기준금리
202209,2.5,한국은행 기준금리,연%,1.3.1. 한국은행 기준금리 및 여수신금리,기준금리
202210,3.0,한국은행 기준금리,연%,1.3.1. 한국은행 기준금리 및 여수신금리,기준금리
202211,3.25,한국은행 기준금리,연%,1.3.1. 한국은행 기준금리 및 여수신금리,기준금리
202212,3.25,한국은행 기준금리,연%,1.3.1. 한국은행 기준금리 및 여수신금리,기준금리
202301,3.5,한국은행 기준금리,연%,1.3.1. 한국은행 기준금리 및 여수신금리,기준금리
202302,3.5,한국은행 기준금리,연%,1.3.1. 한국은행 기준금리 및 여수신금리,기준금리
202303,3.5,한국은행 기준금리,연%,1.3.1. 한국은행 기준금리 및 여수신금리,기준금리
202304,3.5,한국은행 기준금리,연%,1.3.1. 한국은행 기준금리 및 여수신금리,기준금리
202305,3.5,한국은행 기준금리,연%,1.3.1. 한국은행 기준금리 및 여수신금리,기준금리
202306,3.5,한국은행 기준금리,연%,1.3.1. 한국은행 기준금리 및 여수신금리,기준금리
202307,3.5,한국은행 기준금리,연%,1.3.1. 한국은행 기준금리 및 여수신금리,기준금리
202308,3.5,한국은행 기준금리,연%,1.3.1. 한국은행 기준금리 및 여수신금리,기준금리
202309,3.5,한국은행 기준금리,연%,1.3.1. 한국은행 기준금리 및 여수신금리,기준금리
202310,3.5,한국은행 기준금리,연%,1.3.1. 한국은행 기준금리 및 여수신금리,기준금리
202311,3.5,한국은행 기준금리,연%,1.3.1. 한국은행 기준금리 및 여수신금리,기준금리
202312,3.5,한국은행 기준금리,연%,1.3.1. 한국은행 기준금리 및 여수신금리,기준금리
202401,3.5,한국은행 기준금리,연%,1.3.1. 한국은행 기준금리 및 여수신금리,기준금리
202402,3.5,한국은행 기준금리,연%,1.3.1. 한국은행 기준금리 및 여수신금리,기준금리
202403,3.5,한국은행 기준금리,연%,1.3.1. 한국은행 기준금리 및 여수신금리,기준금리
202404,3.5,한국은행 기준금리,연%,1.3.1. 한국은행 기준금리 및 여수신금리,기준금리
202405,3.5,한국은행 기준금리,연%,1.3.1. 한국은행 기준금리 및 여수신금리,기준금리
202406,3.5,한국은행 기준금리,연%,1.3.1. 한국은행 기준금리 및 여수신금리,기준금리
202407,3.5,한국은행 기준금리,연%,1.3.1. 한국은행 기준금리 및 여수신금리,기준금리
202408,3.5,한국은행 기준금리,연%,1.3.1. 한국은행 기준금리 및 여수신금리,기준금리
202409,3.5,한국은행 기준금리,연%,1.3.1. 한국은행 기준금리 및 여수신금리,기준금리
202410,3.25,한국은행 기준금리,연%,1.3.1. 한국은행 기준금리 및 여수신금리,기준금리
202411,3.0,한국은행 기준금리,연%,1.3.1. 한국은행 기준금리 및 여수신금리,기준금리
202412,3.0,한국은행 기준금리,연%,1.3.1. 한국은행 기준금리 및 여수신금리,기준금리
202501,3.0,한국은행 기준금리,연%,1.3.1. 한국은행 기준금리 및 여수신금리,기준금리
202502,2.75,한국은행 기준금리,연%,1.3.1. 한국은행 기준금리 및 여수신금리,기준금리
202503,2.75,한국은행 기준금리,연%,1.3.1. 한국은행 기준금리 및 여수신금리,기준금리
202504,2.75,한국은행 기준금리,연%,1.3.1. 한국은행 기준금리 및 여수신금리,기준금리
202505,2.5,한국은행 기준금리,연%,1.3.1. 한국은행 기준금리 및 여수신금리,기준금리
202506,2.5,한국은행 기준금리,연%,1.3.1. 한국은행 기준금리 및 여수신금리,기준금리
202507,2.5,한국은행 기준금리,연%,1.3.1. 한국은행 기준금리 및 여수신금리,기준금리
202508,2.5,한국은행 기준금리,연%,1.3.1. 한국은행 기준금리 및 여수신금리,기준금리
202509,2.5,한국은행 기준금리,연%,1.3.1. 한국은행 기준금리 및 여수신금리,기준금리
202510,2.5,한국은행 기준금리,연%,1.3.1. 한국은행 기준금리 및 여수신금리,기준금리
202511,2.5,한국은행 기준금리,연%,1.3.1. 한국은행 기준금리 및 여수신금리,기준금리
202512,2.5,한국은행 기준금리,연%,1.3.1. 한국은행 기준금리 및 여수신금리,기준금리
202601,2.5,한국은행 기준금리,연%,1.3.1. 한국은행 기준금리 및 여수신금리,기준금리
202602,2.5,한국은행 기준금리,연%,1.3.1. 한국은행 기준금리 및 여수신금리,기준금리
202603,2.5,한국은행 기준금리,연%,1.3.1. 한국은행 기준금리 및 여수신금리,기준금리
201601,95.232,총지수,2020=100,4.2.1. 소비자물가지수,소비자물가
201602,95.64,총지수,2020=100,4.2.1. 소비자물가지수,소비자물가
201603,95.393,총지수,2020=100,4.2.1. 소비자물가지수,소비자물가
201604,95.573,총지수,2020=100,4.2.1. 소비자물가지수,소비자물가
201605,95.63,총지수,2020=100,4.2.1. 소비자물가지수,소비자물가
201606,95.611,총지수,2020=100,4.2.1. 소비자물가지수,소비자물가
201607,95.431,총지수,2020=100,4.2.1. 소비자물가지수,소비자물가
201608,95.677,총지수,2020=100,4.2.1. 소비자물가지수,소비자물가
201609,96.247,총지수,2020=100,4.2.1. 소비자물가지수,소비자물가
201610,96.379,총지수,2020=100,4.2.1. 소비자물가지수,소비자물가
201611,96.237,총지수,2020=100,4.2.1. 소비자물가지수,소비자물가
201612,96.342,총지수,2020=100,4.2.1. 소비자물가지수,소비자물가
201701,97.366,총지수,2020=100,4.2.1. 소비자물가지수,소비자물가
201702,97.632,총지수,2020=100,4.2.1. 소비자물가지수,소비자물가
201703,97.565,총지수,2020=100,4.2.1. 소비자물가지수,소비자물가
201704,97.442,총지수,2020=100,4.2.1. 소비자물가지수,소비자물가
201705,97.546,총지수,2020=100,4.2.1. 소비자물가지수,소비자물가
201706,97.338,총지수,2020=100,4.2.1. 소비자물가지수,소비자물가
201707,97.499,총지수,2020=100,4.2.1. 소비자물가지수,소비자물가
201708,98.058,총지수,2020=100,4.2.1. 소비자물가지수,소비자물가
201709,98.172,총지수,2020=100,4.2.1. 소비자물가지수,소비자물가
201710,98.077,총지수,2020=100,4.2.1. 소비자물가지수,소비자물가
201711,97.347,총지수,2020=100,4.2.1. 소비자물가지수,소비자물가
201712,97.698,총지수,2020=100,4.2.1. 소비자물가지수,소비자물가
201801,98.106,총지수,2020=100,4.2.1. 소비자물가지수,소비자물가
201802,98.855,총지수,2020=100,4.2.1. 소비자물가지수,소비자물가
201803,98.751,총지수,2020=100,4.2.1. 소비자물가지수,소비자물가
201804,98.931,총지수,2020=100,4.2.1. 소비자물가지수,소비자물가
201805,98.979,총지수,2020=100,4.2.1. 소비자물가지수,소비자물가
201806,98.779,총지수,2020=100,4.2.1. 소비자물가지수,소비자물가
201807,98.59,총지수,2020=100,4.2.1. 소비자물가지수,소비자물가
201808,99.462,총지수,2020=100,4.2.1. 소비자물가지수,소비자물가
201809,100.221,총지수,2020=100,4.2.1. 소비자물가지수,소비자물가
201810,100.041,총지수,2020=100,4.2.1. 소비자물가지수,소비자물가
201811,99.33,총지수,2020=100,4.2.1. 소비자물가지수,소비자물가
201812,98.988,총지수,2020=100,4.2.1. 소비자물가지수,소비자물가
201901,98.884,총지수,2020=100,4.2.1. 소비자물가지수,소비자물가
201902,99.311,총지수,2020=100,4.2.1. 소비자물가지수,소비자물가
201903,99.121,총지수,2020=100,4.2.1. 소비자물가지수,소비자물가
201904,99.481,총지수,2020=100,4.2.1. 소비자물가지수,소비자물가
201905,99.652,총지수,2020=100,4.2.1. 소비자물가지수,소비자물가
201906,99.491,총지수,2020=100,4.2.1. 소비자물가지수,소비자물가
201907,99.187,총지수,2020=100,4.2.1. 소비자물가지수,소비자물가
201908,99.425,총지수,2020=100,4.2.1. 소비자물가지수,소비자물가
201909,99.794,총지수,2020=100,4.2.1. 소비자물가지수,소비자물가
201910,100.041,총지수,2020=100,4.2.1. 소비자물가지수,소비자물가
201911,99.481,총지수,2020=100,4.2.1. 소비자물가지수,소비자물가
201912,99.719,총지수,2020=100,4.2.1. 소비자물가지수,소비자물가
202001,100.09,총지수,2020=100,4.2.1. 소비자물가지수,소비자물가
202002,100.16,총지수,2020=100,4.2.1. 소비자물가지수,소비자물가
202003,99.94,총지수,2020=100,4.2.1. 소비자물가지수,소비자물가
202004,99.5,총지수,2020=100,4.2.1. 소비자물가지수,소비자물가
202005,99.44,총지수,2020=100,4.2.1. 소비자물가지수,소비자물가
202006,99.71,총지수,2020=100,4.2.1. 소비자물가지수,소비자물가
202007,99.63,총지수,2020=100,4.2.1. 소비자물가지수,소비자물가
202008,100.19,총지수,2020=100,4.2.1. 소비자물가지수,소비자물가
202009,100.74,총지수,2020=100,4.2.1. 소비자물가지수,소비자물가
202010,100.18,총지수,2020=100,4.2.1. 소비자물가지수,소비자물가
202011,100.09,총지수,2020=100,4.2.1. 소비자물가지수,소비자물가
202012,100.33,총지수,2020=100,4.2.1. 소비자물가지수,소비자물가
202101,101.04,총지수,2020=100,4.2.1. 소비자물가지수,소비자물가
202102,101.58,총지수,2020=100,4.2.1. 소비자물가지수,소비자물가
202103,101.84,총지수,2020=100,4.2.1. 소비자물가지수,소비자물가
202104,101.98,총지수,2020=100,4.2.1. 소비자물가지수,소비자물가
202105,102.05,총지수,2020=100,4.2.1. 소비자물가지수,소비자물가
202106,102.05,총지수,2020=100,4.2.1. 소비자물가지수,소비자물가
202107,102.26,총지수,2020=100,4.2.1. 소비자물가지수,소비자물가
202108,102.75,총지수,2020=100,4.2.1. 소비자물가지수,소비자물가
202109,103.17,총지수,2020=100,4.2.1. 소비자물가지수,소비자물가
202110,103.35,총지수,2020=100,4.2.1. 소비자물가지수,소비자물가
202111,103.87,총지수,2020=100,4.2.1. 소비자물가지수,소비자물가
202112,104.04,총지수,2020=100,4.2.1. 소비자물가지수,소비자물가
202201,104.85,총지수,2020=100,4.2.1. 소비자물가지수,소비자물가
202202,105.42,총지수,2020=100,4.2.1. 소비자물가지수,소비자물가
202203,106.1,총지수,2020=100,4.2.1. 소비자물가지수,소비자물가
202204,106.83,총지수,2020=100,4.2.1. 소비자물가지수,소비자물가
202205,107.5,총지수,2020=100,4.2.1. 소비자물가지수,소비자물가
202206,108.21,총지수,2020=100,4.2.1. 소비자물가지수,소비자물가
202207,108.73,총지수,2020=100,4.2.1. 소비자물가지수,소비자물가
202208,108.63,총지수,2020=100,4.2.1. 소비자물가지수,소비자물가
202209,108.82,총지수,2020=100,4.2.1. 소비자물가지수,소비자물가
202210,109.16,총지수,2020=100,4.2.1. 소비자물가지수,소비자물가
202211,109.07,총지수,2020=100,4.2.1. 소비자물가지수,소비자물가
202212,109.26,총지수,2020=100,4.2.1. 소비자물가지수,소비자물가
202301,110.07,총지수,2020=100,4.2.1. 소비자물가지수,소비자물가
202302,110.33,총지수,2020=100,4.2.1. 소비자물가지수,소비자물가
202303,110.52,총지수,2020=100,4.2.1. 소비자물가지수,소비자물가
202304,110.77,총지수,2020=100,4.2.1. 소비자물가지수,소비자물가
202305,111.13,총지수,2020=100,4.2.1. 소비자물가지수,소비자물가
202306,111.16,총지수,2020=100,4.2.1. 소비자물가지수,소비자물가
202307,111.29,총지수,2020=100,4.2.1. 소비자물가지수,소비자물가
202308,112.28,총지수,2020=100,4.2.1. 소비자물가지수,소비자물가
202309,112.85,총지수,2020=100,4.2.1. 소비자물가지수,소비자물가
202310,113.27,총지수,2020=100,4.2.1. 소비자물가지수,소비자물가
202311,112.68,총지수,2020=100,4.2.1. 소비자물가지수,소비자물가
202312,112.73,총지수,2020=100,4.2.1. 소비자물가지수,소비자물가
202401,113.17,총지수,2020=100,4.2.1. 소비자물가지수,소비자물가
202402,113.78,총지수,2020=100,4.2.1. 소비자물가지수,소비자물가
202403,113.95,총지수,2020=100,4.2.1. 소비자물가지수,소비자물가
202404,114.01,총지수,2020=100,4.2.1. 소비자물가지수,소비자물가
202405,114.1,총지수,2020=100,4.2.1. 소비자물가지수,소비자물가
202406,113.84,총지수,2020=100,4.2.1. 소비자물가지수,소비자물가
202407,114.13,총지수,2020=100,4.2.1. 소비자물가지수,소비자물가
202408,114.54,총지수,2020=100,4.2.1. 소비자물가지수,소비자물가
202409,114.65,총지수,2020=100,4.2.1. 소비자물가지수,소비자물가
202410,114.69,총지수,2020=100,4.2.1. 소비자물가지수,소비자물가
202411,114.4,총지수,2020=100,4.2.1. 소비자물가지수,소비자물가
202412,114.91,총지수,2020=100,4.2.1. 소비자물가지수,소비자물가
202501,115.71,총지수,2020=100,4.2.1. 소비자물가지수,소비자물가
202502,116.08,총지수,2020=100,4.2.1. 소비자물가지수,소비자물가
202503,116.29,총지수,2020=100,4.2.1. 소비자물가지수,소비자물가
202504,116.38,총지수,2020=100,4.2.1. 소비자물가지수,소비자물가
202505,116.27,총지수,2020=100,4.2.1. 소비자물가지수,소비자물가
202506,116.31,총지수,2020=100,4.2.1. 소비자물가지수,소비자물가
202507,116.52,총지수,2020=100,4.2.1. 소비자물가지수,소비자물가
202508,116.45,총지수,2020=100,4.2.1. 소비자물가지수,소비자물가
202509,117.06,총지수,2020=100,4.2.1. 소비자물가지수,소비자물가
202510,117.42,총지수,2020=100,4.2.1. 소비자물가지수,소비자물가
202511,117.2,총지수,2020=100,4.2.1. 소비자물가지수,소비자물가
202512,117.57,총지수,2020=100,4.2.1. 소비자물가지수,소비자물가
202601,118.03,총지수,2020=100,4.2.1. 소비자물가지수,소비자물가
202602,118.4,총지수,2020=100,4.2.1. 소비자물가지수,소비자물가
202603,118.8,총지수,2020=100,4.2.1. 소비자물가지수,소비자물가
201601,90.5,전산업생산지수(농림어업 제외),2020=100,8.1.4. 전산업생산지수(농림어업제외),고용_생산지수
201601,93.6,전산업생산지수(농림어업 제외),2020=100,8.1.4. 전산업생산지수(농림어업제외),고용_생산지수
201602,87.1,전산업생산지수(농림어업 제외),2020=100,8.1.4. 전산업생산지수(농림어업제외),고용_생산지수
201602,94.6,전산업생산지수(농림어업 제외),2020=100,8.1.4. 전산업생산지수(농림어업제외),고용_생산지수
201603,97.8,전산업생산지수(농림어업 제외),2020=100,8.1.4. 전산업생산지수(농림어업제외),고용_생산지수
201603,95.2,전산업생산지수(농림어업 제외),2020=100,8.1.4. 전산업생산지수(농림어업제외),고용_생산지수
201604,94.0,전산업생산지수(농림어업 제외),2020=100,8.1.4. 전산업생산지수(농림어업제외),고용_생산지수
201604,94.8,전산업생산지수(농림어업 제외),2020=100,8.1.4. 전산업생산지수(농림어업제외),고용_생산지수
201605,95.6,전산업생산지수(농림어업 제외),2020=100,8.1.4. 전산업생산지수(농림어업제외),고용_생산지수
201605,96.1,전산업생산지수(농림어업 제외),2020=100,8.1.4. 전산업생산지수(농림어업제외),고용_생산지수
201606,99.5,전산업생산지수(농림어업 제외),2020=100,8.1.4. 전산업생산지수(농림어업제외),고용_생산지수
201606,96.5,전산업생산지수(농림어업 제외),2020=100,8.1.4. 전산업생산지수(농림어업제외),고용_생산지수
201607,94.9,전산업생산지수(농림어업 제외),2020=100,8.1.4. 전산업생산지수(농림어업제외),고용_생산지수
201607,95.9,전산업생산지수(농림어업 제외),2020=100,8.1.4. 전산업생산지수(농림어업제외),고용_생산지수
201608,94.0,전산업생산지수(농림어업 제외),2020=100,8.1.4. 전산업생산지수(농림어업제외),고용_생산지수
201608,96.4,전산업생산지수(농림어업 제외),2020=100,8.1.4. 전산업생산지수(농림어업제외),고용_생산지수
201609,94.8,전산업생산지수(농림어업 제외),2020=100,8.1.4. 전산업생산지수(농림어업제외),고용_생산지수
201609,96.2,전산업생산지수(농림어업 제외),2020=100,8.1.4. 전산업생산지수(농림어업제외),고용_생산지수
201610,97.1,전산업생산지수(농림어업 제외),2020=100,8.1.4. 전산업생산지수(농림어업제외),고용_생산지수
201610,95.5,전산업생산지수(농림어업 제외),2020=100,8.1.4. 전산업생산지수(농림어업제외),고용_생산지수
201611,99.0,전산업생산지수(농림어업 제외),2020=100,8.1.4. 전산업생산지수(농림어업제외),고용_생산지수
201611,97.4,전산업생산지수(농림어업 제외),2020=100,8.1.4. 전산업생산지수(농림어업제외),고용_생산지수
201612,108.0,전산업생산지수(농림어업 제외),2020=100,8.1.4. 전산업생산지수(농림어업제외),고용_생산지수
201612,97.2,전산업생산지수(농림어업 제외),2020=100,8.1.4. 전산업생산지수(농림어업제외),고용_생산지수
201701,92.7,전산업생산지수(농림어업 제외),2020=100,8.1.4. 전산업생산지수(농림어업제외),고용_생산지수
201701,97.8,전산업생산지수(농림어업 제외),2020=100,8.1.4. 전산업생산지수(농림어업제외),고용_생산지수
201702,91.8,전산업생산지수(농림어업 제외),2020=100,8.1.4. 전산업생산지수(농림어업제외),고용_생산지수
201702,97.8,전산업생산지수(농림어업 제외),2020=100,8.1.4. 전산업생산지수(농림어업제외),고용_생산지수
201703,102.0,전산업생산지수(농림어업 제외),2020=100,8.1.4. 전산업생산지수(농림어업제외),고용_생산지수
201703,99.1,전산업생산지수(농림어업 제외),2020=100,8.1.4. 전산업생산지수(농림어업제외),고용_생산지수
201704,97.1,전산업생산지수(농림어업 제외),2020=100,8.1.4. 전산업생산지수(농림어업제외),고용_생산지수
201704,98.1,전산업생산지수(농림어업 제외),2020=100,8.1.4. 전산업생산지수(농림어업제외),고용_생산지수
201705,98.1,전산업생산지수(농림어업 제외),2020=100,8.1.4. 전산업생산지수(농림어업제외),고용_생산지수
201705,98.5,전산업생산지수(농림어업 제외),2020=100,8.1.4. 전산업생산지수(농림어업제외),고용_생산지수
201706,101.3,전산업생산지수(농림어업 제외),2020=100,8.1.4. 전산업생산지수(농림어업제외),고용_생산지수
201706,98.2,전산업생산지수(농림어업 제외),2020=100,8.1.4. 전산업생산지수(농림어업제외),고용_생산지수
201707,97.3,전산업생산지수(농림어업 제외),2020=100,8.1.4. 전산업생산지수(농림어업제외),고용_생산지수
201707,98.4,전산업생산지수(농림어업 제외),2020=100,8.1.4. 전산업생산지수(농림어업제외),고용_생산지수
201708,96.3,전산업생산지수(농림어업 제외),2020=100,8.1.4. 전산업생산지수(농림어업제외),고용_생산지수
201708,98.8,전산업생산지수(농림어업 제외),2020=100,8.1.4. 전산업생산지수(농림어업제외),고용_생산지수
201709,102.2,전산업생산지수(농림어업 제외),2020=100,8.1.4. 전산업생산지수(농림어업제외),고용_생산지수
201709,99.8,전산업생산지수(농림어업 제외),2020=100,8.1.4. 전산업생산지수(농림어업제외),고용_생산지수
201710,94.9,전산업생산지수(농림어업 제외),2020=100,8.1.4. 전산업생산지수(농림어업제외),고용_생산지수
201710,99.0,전산업생산지수(농림어업 제외),2020=100,8.1.4. 전산업생산지수(농림어업제외),고용_생산지수
201711,101.0,전산업생산지수(농림어업 제외),2020=100,8.1.4. 전산업생산지수(농림어업제외),고용_생산지수
201711,99.4,전산업생산지수(농림어업 제외),2020=100,8.1.4. 전산업생산지수(농림어업제외),고용_생산지수
201712,107.7,전산업생산지수(농림어업 제외),2020=100,8.1.4. 전산업생산지수(농림어업제외),고용_생산지수
201712,98.7,전산업생산지수(농림어업 제외),2020=100,8.1.4. 전산업생산지수(농림어업제외),고용_생산지수
201801,97.2,전산업생산지수(농림어업 제외),2020=100,8.1.4. 전산업생산지수(농림어업제외),고용_생산지수
201801,99.5,전산업생산지수(농림어업 제외),2020=100,8.1.4. 전산업생산지수(농림어업제외),고용_생산지수
201802,91.3,전산업생산지수(농림어업 제외),2020=100,8.1.4. 전산업생산지수(농림어업제외),고용_생산지수
201802,100.2,전산업생산지수(농림어업 제외),2020=100,8.1.4. 전산업생산지수(농림어업제외),고용_생산지수
201803,101.9,전산업생산지수(농림어업 제외),2020=100,8.1.4. 전산업생산지수(농림어업제외),고용_생산지수
201803,99.1,전산업생산지수(농림어업 제외),2020=100,8.1.4. 전산업생산지수(농림어업제외),고용_생산지수
201804,99.7,전산업생산지수(농림어업 제외),2020=100,8.1.4. 전산업생산지수(농림어업제외),고용_생산지수
201804,100.7,전산업생산지수(농림어업 제외),2020=100,8.1.4. 전산업생산지수(농림어업제외),고용_생산지수
201805,100.2,전산업생산지수(농림어업 제외),2020=100,8.1.4. 전산업생산지수(농림어업제외),고용_생산지수
201805,100.7,전산업생산지수(농림어업 제외),2020=100,8.1.4. 전산업생산지수(농림어업제외),고용_생산지수
201806,102.6,전산업생산지수(농림어업 제외),2020=100,8.1.4. 전산업생산지수(농림어업제외),고용_생산지수
201806,100.5,전산업생산지수(농림어업 제외),2020=100,8.1.4. 전산업생산지수(농림어업제외),고용_생산지수
201807,100.0,전산업생산지수(농림어업 제외),2020=100,8.1.4. 전산업생산지수(농림어업제외),고용_생산지수
201807,101.1,전산업생산지수(농림어업 제외),2020=100,8.1.4. 전산업생산지수(농림어업제외),고용_생산지수
201808,98.6,전산업생산지수(농림어업 제외),2020=100,8.1.4. 전산업생산지수(농림어업제외),고용_생산지수
201808,101.0,전산업생산지수(농림어업 제외),2020=100,8.1.4. 전산업생산지수(농림어업제외),고용_생산지수
201809,97.8,전산업생산지수(농림어업 제외),2020=100,8.1.4. 전산업생산지수(농림어업제외),고용_생산지수
201809,100.2,전산업생산지수(농림어업 제외),2020=100,8.1.4. 전산업생산지수(농림어업제외),고용_생산지수
201810,102.2,전산업생산지수(농림어업 제외),2020=100,8.1.4. 전산업생산지수(농림어업제외),고용_생산지수
201810,101.1,전산업생산지수(농림어업 제외),2020=100,8.1.4. 전산업생산지수(농림어업제외),고용_생산지수
201811,101.3,전산업생산지수(농림어업 제외),2020=100,8.1.4. 전산업생산지수(농림어업제외),고용_생산지수
201811,99.9,전산업생산지수(농림어업 제외),2020=100,8.1.4. 전산업생산지수(농림어업제외),고용_생산지수
201812,108.2,전산업생산지수(농림어업 제외),2020=100,8.1.4. 전산업생산지수(농림어업제외),고용_생산지수
201812,99.2,전산업생산지수(농림어업 제외),2020=100,8.1.4. 전산업생산지수(농림어업제외),고용_생산지수
201901,98.3,전산업생산지수(농림어업 제외),2020=100,8.1.4. 전산업생산지수(농림어업제외),고용_생산지수
201901,100.5,전산업생산지수(농림어업 제외),2020=100,8.1.4. 전산업생산지수(농림어업제외),고용_생산지수
201902,89.6,전산업생산지수(농림어업 제외),2020=100,8.1.4. 전산업생산지수(농림어업제외),고용_생산지수
201902,98.1,전산업생산지수(농림어업 제외),2020=100,8.1.4. 전산업생산지수(농림어업제외),고용_생산지수
201903,101.4,전산업생산지수(농림어업 제외),2020=100,8.1.4. 전산업생산지수(농림어업제외),고용_생산지수
201903,99.4,전산업생산지수(농림어업 제외),2020=100,8.1.4. 전산업생산지수(농림어업제외),고용_생산지수
201904,100.8,전산업생산지수(농림어업 제외),2020=100,8.1.4. 전산업생산지수(농림어업제외),고용_생산지수
201904,101.0,전산업생산지수(농림어업 제외),2020=100,8.1.4. 전산업생산지수(농림어업제외),고용_생산지수
201905,102.1,전산업생산지수(농림어업 제외),2020=100,8.1.4. 전산업생산지수(농림어업제외),고용_생산지수
201905,100.9,전산업생산지수(농림어업 제외),2020=100,8.1.4. 전산업생산지수(농림어업제외),고용_생산지수
201906,102.0,전산업생산지수(농림어업 제외),2020=100,8.1.4. 전산업생산지수(농림어업제외),고용_생산지수
201906,99.9,전산업생산지수(농림어업 제외),2020=100,8.1.4. 전산업생산지수(농림어업제외),고용_생산지수
201907,101.5,전산업생산지수(농림어업 제외),2020=100,8.1.4. 전산업생산지수(농림어업제외),고용_생산지수
201907,101.7,전산업생산지수(농림어업 제외),2020=100,8.1.4. 전산업생산지수(농림어업제외),고용_생산지수
201908,99.2,전산업생산지수(농림어업 제외),2020=100,8.1.4. 전산업생산지수(농림어업제외),고용_생산지수
201908,101.6,전산업생산지수(농림어업 제외),2020=100,8.1.4. 전산업생산지수(농림어업제외),고용_생산지수
201909,99.0,전산업생산지수(농림어업 제외),2020=100,8.1.4. 전산업생산지수(농림어업제외),고용_생산지수
201909,101.6,전산업생산지수(농림어업 제외),2020=100,8.1.4. 전산업생산지수(농림어업제외),고용_생산지수
201910,102.9,전산업생산지수(농림어업 제외),2020=100,8.1.4. 전산업생산지수(농림어업제외),고용_생산지수
201910,101.9,전산업생산지수(농림어업 제외),2020=100,8.1.4. 전산업생산지수(농림어업제외),고용_생산지수
201911,103.4,전산업생산지수(농림어업 제외),2020=100,8.1.4. 전산업생산지수(농림어업제외),고용_생산지수
201911,102.0,전산업생산지수(농림어업 제외),2020=100,8.1.4. 전산업생산지수(농림어업제외),고용_생산지수
201912,112.9,전산업생산지수(농림어업 제외),2020=100,8.1.4. 전산업생산지수(농림어업제외),고용_생산지수
201912,103.1,전산업생산지수(농림어업 제외),2020=100,8.1.4. 전산업생산지수(농림어업제외),고용_생산지수
202001,98.2,전산업생산지수(농림어업 제외),2020=100,8.1.4. 전산업생산지수(농림어업제외),고용_생산지수
202001,103.4,전산업생산지수(농림어업 제외),2020=100,8.1.4. 전산업생산지수(농림어업제외),고용_생산지수
202002,94.3,전산업생산지수(농림어업 제외),2020=100,8.1.4. 전산업생산지수(농림어업제외),고용_생산지수
202002,100.0,전산업생산지수(농림어업 제외),2020=100,8.1.4. 전산업생산지수(농림어업제외),고용_생산지수
202003,102.0,전산업생산지수(농림어업 제외),2020=100,8.1.4. 전산업생산지수(농림어업제외),고용_생산지수
202003,98.6,전산업생산지수(농림어업 제외),2020=100,8.1.4. 전산업생산지수(농림어업제외),고용_생산지수
202004,95.3,전산업생산지수(농림어업 제외),2020=100,8.1.4. 전산업생산지수(농림어업제외),고용_생산지수
202004,97.3,전산업생산지수(농림어업 제외),2020=100,8.1.4. 전산업생산지수(농림어업제외),고용_생산지수
202005,95.8,전산업생산지수(농림어업 제외),2020=100,8.1.4. 전산업생산지수(농림어업제외),고용_생산지수
202005,96.0,전산업생산지수(농림어업 제외),2020=100,8.1.4. 전산업생산지수(농림어업제외),고용_생산지수
202006,102.2,전산업생산지수(농림어업 제외),2020=100,8.1.4. 전산업생산지수(농림어업제외),고용_생산지수
202006,98.8,전산업생산지수(농림어업 제외),2020=100,8.1.4. 전산업생산지수(농림어업제외),고용_생산지수
202007,99.1,전산업생산지수(농림어업 제외),2020=100,8.1.4. 전산업생산지수(농림어업제외),고용_생산지수
202007,99.8,전산업생산지수(농림어업 제외),2020=100,8.1.4. 전산업생산지수(농림어업제외),고용_생산지수
202008,95.3,전산업생산지수(농림어업 제외),2020=100,8.1.4. 전산업생산지수(농림어업제외),고용_생산지수
202008,99.6,전산업생산지수(농림어업 제외),2020=100,8.1.4. 전산업생산지수(농림어업제외),고용_생산지수
202009,101.8,전산업생산지수(농림어업 제외),2020=100,8.1.4. 전산업생산지수(농림어업제외),고용_생산지수
202009,100.9,전산업생산지수(농림어업 제외),2020=100,8.1.4. 전산업생산지수(농림어업제외),고용_생산지수
202010,99.5,전산업생산지수(농림어업 제외),2020=100,8.1.4. 전산업생산지수(농림어업제외),고용_생산지수
202010,101.5,전산업생산지수(농림어업 제외),2020=100,8.1.4. 전산업생산지수(농림어업제외),고용_생산지수
202011,102.7,전산업생산지수(농림어업 제외),2020=100,8.1.4. 전산업생산지수(농림어업제외),고용_생산지수
202011,102.5,전산업생산지수(농림어업 제외),2020=100,8.1.4. 전산업생산지수(농림어업제외),고용_생산지수
202012,113.8,전산업생산지수(농림어업 제외),2020=100,8.1.4. 전산업생산지수(농림어업제외),고용_생산지수
202012,101.5,전산업생산지수(농림어업 제외),2020=100,8.1.4. 전산업생산지수(농림어업제외),고용_생산지수
202101,98.1,전산업생산지수(농림어업 제외),2020=100,8.1.4. 전산업생산지수(농림어업제외),고용_생산지수
202101,101.7,전산업생산지수(농림어업 제외),2020=100,8.1.4. 전산업생산지수(농림어업제외),고용_생산지수
202102,94.5,전산업생산지수(농림어업 제외),2020=100,8.1.4. 전산업생산지수(농림어업제외),고용_생산지수
202102,103.7,전산업생산지수(농림어업 제외),2020=100,8.1.4. 전산업생산지수(농림어업제외),고용_생산지수
202103,108.3,전산업생산지수(농림어업 제외),2020=100,8.1.4. 전산업생산지수(농림어업제외),고용_생산지수
202103,104.4,전산업생산지수(농림어업 제외),2020=100,8.1.4. 전산업생산지수(농림어업제외),고용_생산지수
202104,103.7,전산업생산지수(농림어업 제외),2020=100,8.1.4. 전산업생산지수(농림어업제외),고용_생산지수
202104,104.0,전산업생산지수(농림어업 제외),2020=100,8.1.4. 전산업생산지수(농림어업제외),고용_생산지수
202105,103.2,전산업생산지수(농림어업 제외),2020=100,8.1.4. 전산업생산지수(농림어업제외),고용_생산지수
202105,104.4,전산업생산지수(농림어업 제외),2020=100,8.1.4. 전산업생산지수(농림어업제외),고용_생산지수
202106,109.7,전산업생산지수(농림어업 제외),2020=100,8.1.4. 전산업생산지수(농림어업제외),고용_생산지수
202106,105.0,전산업생산지수(농림어업 제외),2020=100,8.1.4. 전산업생산지수(농림어업제외),고용_생산지수
202107,104.2,전산업생산지수(농림어업 제외),2020=100,8.1.4. 전산업생산지수(농림어업제외),고용_생산지수
202107,105.1,전산업생산지수(농림어업 제외),2020=100,8.1.4. 전산업생산지수(농림어업제외),고용_생산지수
202108,101.5,전산업생산지수(농림어업 제외),2020=100,8.1.4. 전산업생산지수(농림어업제외),고용_생산지수
202108,105.0,전산업생산지수(농림어업 제외),2020=100,8.1.4. 전산업생산지수(농림어업제외),고용_생산지수
202109,104.6,전산업생산지수(농림어업 제외),2020=100,8.1.4. 전산업생산지수(농림어업제외),고용_생산지수
202109,106.1,전산업생산지수(농림어업 제외),2020=100,8.1.4. 전산업생산지수(농림어업제외),고용_생산지수
202110,105.3,전산업생산지수(농림어업 제외),2020=100,8.1.4. 전산업생산지수(농림어업제외),고용_생산지수
202110,106.7,전산업생산지수(농림어업 제외),2020=100,8.1.4. 전산업생산지수(농림어업제외),고용_생산지수
202111,109.2,전산업생산지수(농림어업 제외),2020=100,8.1.4. 전산업생산지수(농림어업제외),고용_생산지수
202111,108.3,전산업생산지수(농림어업 제외),2020=100,8.1.4. 전산업생산지수(농림어업제외),고용_생산지수
202112,123.5,전산업생산지수(농림어업 제외),2020=100,8.1.4. 전산업생산지수(농림어업제외),고용_생산지수
202112,109.5,전산업생산지수(농림어업 제외),2020=100,8.1.4. 전산업생산지수(농림어업제외),고용_생산지수
202201,104.8,전산업생산지수(농림어업 제외),2020=100,8.1.4. 전산업생산지수(농림어업제외),고용_생산지수
202201,110.1,전산업생산지수(농림어업 제외),2020=100,8.1.4. 전산업생산지수(농림어업제외),고용_생산지수
202202,99.3,전산업생산지수(농림어업 제외),2020=100,8.1.4. 전산업생산지수(농림어업제외),고용_생산지수
202202,108.3,전산업생산지수(농림어업 제외),2020=100,8.1.4. 전산업생산지수(농림어업제외),고용_생산지수
202203,113.1,전산업생산지수(농림어업 제외),2020=100,8.1.4. 전산업생산지수(농림어업제외),고용_생산지수
202203,109.7,전산업생산지수(농림어업 제외),2020=100,8.1.4. 전산업생산지수(농림어업제외),고용_생산지수
202204,109.9,전산업생산지수(농림어업 제외),2020=100,8.1.4. 전산업생산지수(농림어업제외),고용_생산지수
202204,110.7,전산업생산지수(농림어업 제외),2020=100,8.1.4. 전산업생산지수(농림어업제외),고용_생산지수
202205,111.4,전산업생산지수(농림어업 제외),2020=100,8.1.4. 전산업생산지수(농림어업제외),고용_생산지수
202205,110.8,전산업생산지수(농림어업 제외),2020=100,8.1.4. 전산업생산지수(농림어업제외),고용_생산지수
202206,114.6,전산업생산지수(농림어업 제외),2020=100,8.1.4. 전산업생산지수(농림어업제외),고용_생산지수
202206,111.4,전산업생산지수(농림어업 제외),2020=100,8.1.4. 전산업생산지수(농림어업제외),고용_생산지수
202207,109.6,전산업생산지수(농림어업 제외),2020=100,8.1.4. 전산업생산지수(농림어업제외),고용_생산지수
202207,112.0,전산업생산지수(농림어업 제외),2020=100,8.1.4. 전산업생산지수(농림어업제외),고용_생산지수
202208,107.8,전산업생산지수(농림어업 제외),2020=100,8.1.4. 전산업생산지수(농림어업제외),고용_생산지수
202208,110.9,전산업생산지수(농림어업 제외),2020=100,8.1.4. 전산업생산지수(농림어업제외),고용_생산지수
202209,109.2,전산업생산지수(농림어업 제외),2020=100,8.1.4. 전산업생산지수(농림어업제외),고용_생산지수
202209,110.8,전산업생산지수(농림어업 제외),2020=100,8.1.4. 전산업생산지수(농림어업제외),고용_생산지수
202210,109.4,전산업생산지수(농림어업 제외),2020=100,8.1.4. 전산업생산지수(농림어업제외),고용_생산지수
202210,110.1,전산업생산지수(농림어업 제외),2020=100,8.1.4. 전산업생산지수(농림어업제외),고용_생산지수
202211,111.9,전산업생산지수(농림어업 제외),2020=100,8.1.4. 전산업생산지수(농림어업제외),고용_생산지수
202211,111.4,전산업생산지수(농림어업 제외),2020=100,8.1.4. 전산업생산지수(농림어업제외),고용_생산지수
202212,125.8,전산업생산지수(농림어업 제외),2020=100,8.1.4. 전산업생산지수(농림어업제외),고용_생산지수
202212,109.5,전산업생산지수(농림어업 제외),2020=100,8.1.4. 전산업생산지수(농림어업제외),고용_생산지수
202301,103.3,전산업생산지수(농림어업 제외),2020=100,8.1.4. 전산업생산지수(농림어업제외),고용_생산지수
202301,108.9,전산업생산지수(농림어업 제외),2020=100,8.1.4. 전산업생산지수(농림어업제외),고용_생산지수
202302,103.2,전산업생산지수(농림어업 제외),2020=100,8.1.4. 전산업생산지수(농림어업제외),고용_생산지수
202302,110.6,전산업생산지수(농림어업 제외),2020=100,8.1.4. 전산업생산지수(농림어업제외),고용_생산지수
202303,115.6,전산업생산지수(농림어업 제외),2020=100,8.1.4. 전산업생산지수(농림어업제외),고용_생산지수
202303,111.2,전산업생산지수(농림어업 제외),2020=100,8.1.4. 전산업생산지수(농림어업제외),고용_생산지수
202304,108.7,전산업생산지수(농림어업 제외),2020=100,8.1.4. 전산업생산지수(농림어업제외),고용_생산지수
202304,110.2,전산업생산지수(농림어업 제외),2020=100,8.1.4. 전산업생산지수(농림어업제외),고용_생산지수
202305,111.1,전산업생산지수(농림어업 제외),2020=100,8.1.4. 전산업생산지수(농림어업제외),고용_생산지수
202305,112.2,전산업생산지수(농림어업 제외),2020=100,8.1.4. 전산업생산지수(농림어업제외),고용_생산지수
202306,116.0,전산업생산지수(농림어업 제외),2020=100,8.1.4. 전산업생산지수(농림어업제외),고용_생산지수
202306,111.8,전산업생산지수(농림어업 제외),2020=100,8.1.4. 전산업생산지수(농림어업제외),고용_생산지수
202307,109.1,전산업생산지수(농림어업 제외),2020=100,8.1.4. 전산업생산지수(농림어업제외),고용_생산지수
202307,111.1,전산업생산지수(농림어업 제외),2020=100,8.1.4. 전산업생산지수(농림어업제외),고용_생산지수
202308,109.8,전산업생산지수(농림어업 제외),2020=100,8.1.4. 전산업생산지수(농림어업제외),고용_생산지수
202308,112.7,전산업생산지수(농림어업 제외),2020=100,8.1.4. 전산업생산지수(농림어업제외),고용_생산지수
202309,112.7,전산업생산지수(농림어업 제외),2020=100,8.1.4. 전산업생산지수(농림어업제외),고용_생산지수
202309,114.0,전산업생산지수(농림어업 제외),2020=100,8.1.4. 전산업생산지수(농림어업제외),고용_생산지수
202310,111.3,전산업생산지수(농림어업 제외),2020=100,8.1.4. 전산업생산지수(농림어업제외),고용_생산지수
202310,113.1,전산업생산지수(농림어업 제외),2020=100,8.1.4. 전산업생산지수(농림어업제외),고용_생산지수
202311,114.9,전산업생산지수(농림어업 제외),2020=100,8.1.4. 전산업생산지수(농림어업제외),고용_생산지수
202311,114.0,전산업생산지수(농림어업 제외),2020=100,8.1.4. 전산업생산지수(농림어업제외),고용_생산지수
202312,126.8,전산업생산지수(농림어업 제외),2020=100,8.1.4. 전산업생산지수(농림어업제외),고용_생산지수
202312,113.2,전산업생산지수(농림어업 제외),2020=100,8.1.4. 전산업생산지수(농림어업제외),고용_생산지수
202401,110.5,전산업생산지수(농림어업 제외),2020=100,8.1.4. 전산업생산지수(농림어업제외),고용_생산지수
202401,113.7,전산업생산지수(농림어업 제외),2020=100,8.1.4. 전산업생산지수(농림어업제외),고용_생산지수
202402,105.4,전산업생산지수(농림어업 제외),2020=100,8.1.4. 전산업생산지수(농림어업제외),고용_생산지수
202402,114.7,전산업생산지수(농림어업 제외),2020=100,8.1.4. 전산업생산지수(농림어업제외),고용_생산지수
202403,115.8,전산업생산지수(농림어업 제외),2020=100,8.1.4. 전산업생산지수(농림어업제외),고용_생산지수
202403,112.4,전산업생산지수(농림어업 제외),2020=100,8.1.4. 전산업생산지수(농림어업제외),고용_생산지수
202404,113.1,전산업생산지수(농림어업 제외),2020=100,8.1.4. 전산업생산지수(농림어업제외),고용_생산지수
202404,114.5,전산업생산지수(농림어업 제외),2020=100,8.1.4. 전산업생산지수(농림어업제외),고용_생산지수
202405,113.7,전산업생산지수(농림어업 제외),2020=100,8.1.4. 전산업생산지수(농림어업제외),고용_생산지수
202405,114.1,전산업생산지수(농림어업 제외),2020=100,8.1.4. 전산업생산지수(농림어업제외),고용_생산지수
202406,116.1,전산업생산지수(농림어업 제외),2020=100,8.1.4. 전산업생산지수(농림어업제외),고용_생산지수
202406,113.1,전산업생산지수(농림어업 제외),2020=100,8.1.4. 전산업생산지수(농림어업제외),고용_생산지수
202407,111.3,전산업생산지수(농림어업 제외),2020=100,8.1.4. 전산업생산지수(농림어업제외),고용_생산지수
202407,112.5,전산업생산지수(농림어업 제외),2020=100,8.1.4. 전산업생산지수(농림어업제외),고용_생산지수
202408,111.0,전산업생산지수(농림어업 제외),2020=100,8.1.4. 전산업생산지수(농림어업제외),고용_생산지수
202408,114.3,전산업생산지수(농림어업 제외),2020=100,8.1.4. 전산업생산지수(농림어업제외),고용_생산지수
202409,110.9,전산업생산지수(농림어업 제외),2020=100,8.1.4. 전산업생산지수(농림어업제외),고용_생산지수
202409,113.6,전산업생산지수(농림어업 제외),2020=100,8.1.4. 전산업생산지수(농림어업제외),고용_생산지수
202410,114.2,전산업생산지수(농림어업 제외),2020=100,8.1.4. 전산업생산지수(농림어업제외),고용_생산지수
202410,114.9,전산업생산지수(농림어업 제외),2020=100,8.1.4. 전산업생산지수(농림어업제외),고용_생산지수
202411,114.2,전산업생산지수(농림어업 제외),2020=100,8.1.4. 전산업생산지수(농림어업제외),고용_생산지수
202411,113.5,전산업생산지수(농림어업 제외),2020=100,8.1.4. 전산업생산지수(농림어업제외),고용_생산지수
202412,128.2,전산업생산지수(농림어업 제외),2020=100,8.1.4. 전산업생산지수(농림어업제외),고용_생산지수
202412,115.1,전산업생산지수(농림어업 제외),2020=100,8.1.4. 전산업생산지수(농림어업제외),고용_생산지수
202501,107.2,전산업생산지수(농림어업 제외),2020=100,8.1.4. 전산업생산지수(농림어업제외),고용_생산지수
202501,114.1,전산업생산지수(농림어업 제외),2020=100,8.1.4. 전산업생산지수(농림어업제외),고용_생산지수
202502,107.4,전산업생산지수(농림어업 제외),2020=100,8.1.4. 전산업생산지수(농림어업제외),고용_생산지수
202502,114.6,전산업생산지수(농림어업 제외),2020=100,8.1.4. 전산업생산지수(농림어업제외),고용_생산지수
202503,118.1,전산업생산지수(농림어업 제외),2020=100,8.1.4. 전산업생산지수(농림어업제외),고용_생산지수
202503,115.3,전산업생산지수(농림어업 제외),2020=100,8.1.4. 전산업생산지수(농림어업제외),고용_생산지수
202504,114.4,전산업생산지수(농림어업 제외),2020=100,8.1.4. 전산업생산지수(농림어업제외),고용_생산지수
202504,115.1,전산업생산지수(농림어업 제외),2020=100,8.1.4. 전산업생산지수(농림어업제외),고용_생산지수
202505,113.5,전산업생산지수(농림어업 제외),2020=100,8.1.4. 전산업생산지수(농림어업제외),고용_생산지수
202505,114.0,전산업생산지수(농림어업 제외),2020=100,8.1.4. 전산업생산지수(농림어업제외),고용_생산지수
202506,118.3,전산업생산지수(농림어업 제외),2020=100,8.1.4. 전산업생산지수(농림어업제외),고용_생산지수
202506,116.0,전산업생산지수(농림어업 제외),2020=100,8.1.4. 전산업생산지수(농림어업제외),고용_생산지수
202507,114.4,전산업생산지수(농림어업 제외),2020=100,8.1.4. 전산업생산지수(농림어업제외),고용_생산지수
202507,115.6,전산업생산지수(농림어업 제외),2020=100,8.1.4. 전산업생산지수(농림어업제외),고용_생산지수
202508,111.2,전산업생산지수(농림어업 제외),2020=100,8.1.4. 전산업생산지수(농림어업제외),고용_생산지수
202508,115.5,전산업생산지수(농림어업 제외),2020=100,8.1.4. 전산업생산지수(농림어업제외),고용_생산지수
202509,119.8,전산업생산지수(농림어업 제외),2020=100,8.1.4. 전산업생산지수(농림어업제외),고용_생산지수
202509,116.9,전산업생산지수(농림어업 제외),2020=100,8.1.4. 전산업생산지수(농림어업제외),고용_생산지수
202510,110.2,전산업생산지수(농림어업 제외),2020=100,8.1.4. 전산업생산지수(농림어업제외),고용_생산지수
202510,114.3,전산업생산지수(농림어업 제외),2020=100,8.1.4. 전산업생산지수(농림어업제외),고용_생산지수
202511,115.0,전산업생산지수(농림어업 제외),2020=100,8.1.4. 전산업생산지수(농림어업제외),고용_생산지수
202511,115.1,전산업생산지수(농림어업 제외),2020=100,8.1.4. 전산업생산지수(농림어업제외),고용_생산지수
202512,130.9,전산업생산지수(농림어업 제외),2020=100,8.1.4. 전산업생산지수(농림어업제외),고용_생산지수
202512,116.5,전산업생산지수(농림어업 제외),2020=100,8.1.4. 전산업생산지수(농림어업제외),고용_생산지수
202601,112.4,전산업생산지수(농림어업 제외),2020=100,8.1.4. 전산업생산지수(농림어업제외),고용_생산지수
202601,115.6,전산업생산지수(농림어업 제외),2020=100,8.1.4. 전산업생산지수(농림어업제외),고용_생산지수
202602,107.5,전산업생산지수(농림어업 제외),2020=100,8.1.4. 전산업생산지수(농림어업제외),고용_생산지수
202602,118.0,전산업생산지수(농림어업 제외),2020=100,8.1.4. 전산업생산지수(농림어업제외),고용_생산지수
202603,122.5,전산업생산지수(농림어업 제외),2020=100,8.1.4. 전산업생산지수(농림어업제외),고용_생산지수
202603,118.5,전산업생산지수(농림어업 제외),2020=100,8.1.4. 전산업생산지수(농림어업제외),고용_생산지수
201601,100.4,소비자심리지수,,"6.2.1. 소비자동향조사(전국, 월, 2008.9~)",CCSI
201602,98.1,소비자심리지수,,"6.2.1. 소비자동향조사(전국, 월, 2008.9~)",CCSI
201603,100.4,소비자심리지수,,"6.2.1. 소비자동향조사(전국, 월, 2008.9~)",CCSI
201604,102.1,소비자심리지수,,"6.2.1. 소비자동향조사(전국, 월, 2008.9~)",CCSI
201605,99.6,소비자심리지수,,"6.2.1. 소비자동향조사(전국, 월, 2008.9~)",CCSI
201606,99.1,소비자심리지수,,"6.2.1. 소비자동향조사(전국, 월, 2008.9~)",CCSI
201607,101.4,소비자심리지수,,"6.2.1. 소비자동향조사(전국, 월, 2008.9~)",CCSI
201608,102.4,소비자심리지수,,"6.2.1. 소비자동향조사(전국, 월, 2008.9~)",CCSI
201609,102.3,소비자심리지수,,"6.2.1. 소비자동향조사(전국, 월, 2008.9~)",CCSI
201610,102.6,소비자심리지수,,"6.2.1. 소비자동향조사(전국, 월, 2008.9~)",CCSI
201611,95.7,소비자심리지수,,"6.2.1. 소비자동향조사(전국, 월, 2008.9~)",CCSI
201612,93.9,소비자심리지수,,"6.2.1. 소비자동향조사(전국, 월, 2008.9~)",CCSI
201701,93.0,소비자심리지수,,"6.2.1. 소비자동향조사(전국, 월, 2008.9~)",CCSI
201702,94.2,소비자심리지수,,"6.2.1. 소비자동향조사(전국, 월, 2008.9~)",CCSI
201703,96.8,소비자심리지수,,"6.2.1. 소비자동향조사(전국, 월, 2008.9~)",CCSI
201704,101.6,소비자심리지수,,"6.2.1. 소비자동향조사(전국, 월, 2008.9~)",CCSI
201705,109.0,소비자심리지수,,"6.2.1. 소비자동향조사(전국, 월, 2008.9~)",CCSI
201706,112.4,소비자심리지수,,"6.2.1. 소비자동향조사(전국, 월, 2008.9~)",CCSI
201707,112.6,소비자심리지수,,"6.2.1. 소비자동향조사(전국, 월, 2008.9~)",CCSI
201708,111.2,소비자심리지수,,"6.2.1. 소비자동향조사(전국, 월, 2008.9~)",CCSI
201709,108.8,소비자심리지수,,"6.2.1. 소비자동향조사(전국, 월, 2008.9~)",CCSI
201710,110.4,소비자심리지수,,"6.2.1. 소비자동향조사(전국, 월, 2008.9~)",CCSI
201711,113.7,소비자심리지수,,"6.2.1. 소비자동향조사(전국, 월, 2008.9~)",CCSI
201712,112.2,소비자심리지수,,"6.2.1. 소비자동향조사(전국, 월, 2008.9~)",CCSI
201801,111.4,소비자심리지수,,"6.2.1. 소비자동향조사(전국, 월, 2008.9~)",CCSI
201802,109.6,소비자심리지수,,"6.2.1. 소비자동향조사(전국, 월, 2008.9~)",CCSI
201803,109.5,소비자심리지수,,"6.2.1. 소비자동향조사(전국, 월, 2008.9~)",CCSI
201804,108.5,소비자심리지수,,"6.2.1. 소비자동향조사(전국, 월, 2008.9~)",CCSI
201805,109.4,소비자심리지수,,"6.2.1. 소비자동향조사(전국, 월, 2008.9~)",CCSI
201806,106.8,소비자심리지수,,"6.2.1. 소비자동향조사(전국, 월, 2008.9~)",CCSI
201807,101.9,소비자심리지수,,"6.2.1. 소비자동향조사(전국, 월, 2008.9~)",CCSI
201808,99.9,소비자심리지수,,"6.2.1. 소비자동향조사(전국, 월, 2008.9~)",CCSI
201809,100.9,소비자심리지수,,"6.2.1. 소비자동향조사(전국, 월, 2008.9~)",CCSI
201810,100.1,소비자심리지수,,"6.2.1. 소비자동향조사(전국, 월, 2008.9~)",CCSI
201811,96.4,소비자심리지수,,"6.2.1. 소비자동향조사(전국, 월, 2008.9~)",CCSI
201812,97.6,소비자심리지수,,"6.2.1. 소비자동향조사(전국, 월, 2008.9~)",CCSI
201901,98.3,소비자심리지수,,"6.2.1. 소비자동향조사(전국, 월, 2008.9~)",CCSI
201902,100.4,소비자심리지수,,"6.2.1. 소비자동향조사(전국, 월, 2008.9~)",CCSI
201903,100.7,소비자심리지수,,"6.2.1. 소비자동향조사(전국, 월, 2008.9~)",CCSI
201904,102.6,소비자심리지수,,"6.2.1. 소비자동향조사(전국, 월, 2008.9~)",CCSI
201905,98.7,소비자심리지수,,"6.2.1. 소비자동향조사(전국, 월, 2008.9~)",CCSI
201906,98.4,소비자심리지수,,"6.2.1. 소비자동향조사(전국, 월, 2008.9~)",CCSI
201907,96.7,소비자심리지수,,"6.2.1. 소비자동향조사(전국, 월, 2008.9~)",CCSI
201908,93.1,소비자심리지수,,"6.2.1. 소비자동향조사(전국, 월, 2008.9~)",CCSI
201909,97.8,소비자심리지수,,"6.2.1. 소비자동향조사(전국, 월, 2008.9~)",CCSI
201910,99.5,소비자심리지수,,"6.2.1. 소비자동향조사(전국, 월, 2008.9~)",CCSI
201911,101.9,소비자심리지수,,"6.2.1. 소비자동향조사(전국, 월, 2008.9~)",CCSI
201912,101.4,소비자심리지수,,"6.2.1. 소비자동향조사(전국, 월, 2008.9~)",CCSI
202001,105.2,소비자심리지수,,"6.2.1. 소비자동향조사(전국, 월, 2008.9~)",CCSI
202002,97.7,소비자심리지수,,"6.2.1. 소비자동향조사(전국, 월, 2008.9~)",CCSI
202003,79.0,소비자심리지수,,"6.2.1. 소비자동향조사(전국, 월, 2008.9~)",CCSI
202004,71.2,소비자심리지수,,"6.2.1. 소비자동향조사(전국, 월, 2008.9~)",CCSI
202005,78.1,소비자심리지수,,"6.2.1. 소비자동향조사(전국, 월, 2008.9~)",CCSI
202006,82.4,소비자심리지수,,"6.2.1. 소비자동향조사(전국, 월, 2008.9~)",CCSI
202007,84.8,소비자심리지수,,"6.2.1. 소비자동향조사(전국, 월, 2008.9~)",CCSI
202008,88.8,소비자심리지수,,"6.2.1. 소비자동향조사(전국, 월, 2008.9~)",CCSI
202009,80.0,소비자심리지수,,"6.2.1. 소비자동향조사(전국, 월, 2008.9~)",CCSI
202010,92.3,소비자심리지수,,"6.2.1. 소비자동향조사(전국, 월, 2008.9~)",CCSI
202011,98.8,소비자심리지수,,"6.2.1. 소비자동향조사(전국, 월, 2008.9~)",CCSI
202012,90.5,소비자심리지수,,"6.2.1. 소비자동향조사(전국, 월, 2008.9~)",CCSI
202101,95.0,소비자심리지수,,"6.2.1. 소비자동향조사(전국, 월, 2008.9~)",CCSI
202102,97.2,소비자심리지수,,"6.2.1. 소비자동향조사(전국, 월, 2008.9~)",CCSI
202103,100.4,소비자심리지수,,"6.2.1. 소비자동향조사(전국, 월, 2008.9~)",CCSI
202104,102.3,소비자심리지수,,"6.2.1. 소비자동향조사(전국, 월, 2008.9~)",CCSI
202105,105.5,소비자심리지수,,"6.2.1. 소비자동향조사(전국, 월, 2008.9~)",CCSI
202106,110.9,소비자심리지수,,"6.2.1. 소비자동향조사(전국, 월, 2008.9~)",CCSI
202107,103.4,소비자심리지수,,"6.2.1. 소비자동향조사(전국, 월, 2008.9~)",CCSI
202108,102.7,소비자심리지수,,"6.2.1. 소비자동향조사(전국, 월, 2008.9~)",CCSI
202109,104.1,소비자심리지수,,"6.2.1. 소비자동향조사(전국, 월, 2008.9~)",CCSI
202110,107.3,소비자심리지수,,"6.2.1. 소비자동향조사(전국, 월, 2008.9~)",CCSI
202111,108.2,소비자심리지수,,"6.2.1. 소비자동향조사(전국, 월, 2008.9~)",CCSI
202112,104.2,소비자심리지수,,"6.2.1. 소비자동향조사(전국, 월, 2008.9~)",CCSI
202201,104.9,소비자심리지수,,"6.2.1. 소비자동향조사(전국, 월, 2008.9~)",CCSI
202202,103.4,소비자심리지수,,"6.2.1. 소비자동향조사(전국, 월, 2008.9~)",CCSI
202203,103.6,소비자심리지수,,"6.2.1. 소비자동향조사(전국, 월, 2008.9~)",CCSI
202204,104.3,소비자심리지수,,"6.2.1. 소비자동향조사(전국, 월, 2008.9~)",CCSI
202205,103.1,소비자심리지수,,"6.2.1. 소비자동향조사(전국, 월, 2008.9~)",CCSI
202206,96.6,소비자심리지수,,"6.2.1. 소비자동향조사(전국, 월, 2008.9~)",CCSI
202207,85.7,소비자심리지수,,"6.2.1. 소비자동향조사(전국, 월, 2008.9~)",CCSI
202208,88.5,소비자심리지수,,"6.2.1. 소비자동향조사(전국, 월, 2008.9~)",CCSI
202209,91.3,소비자심리지수,,"6.2.1. 소비자동향조사(전국, 월, 2008.9~)",CCSI
202210,88.6,소비자심리지수,,"6.2.1. 소비자동향조사(전국, 월, 2008.9~)",CCSI
202211,86.2,소비자심리지수,,"6.2.1. 소비자동향조사(전국, 월, 2008.9~)",CCSI
202212,89.7,소비자심리지수,,"6.2.1. 소비자동향조사(전국, 월, 2008.9~)",CCSI
202301,90.4,소비자심리지수,,"6.2.1. 소비자동향조사(전국, 월, 2008.9~)",CCSI
202302,89.8,소비자심리지수,,"6.2.1. 소비자동향조사(전국, 월, 2008.9~)",CCSI
202303,91.7,소비자심리지수,,"6.2.1. 소비자동향조사(전국, 월, 2008.9~)",CCSI
202304,94.9,소비자심리지수,,"6.2.1. 소비자동향조사(전국, 월, 2008.9~)",CCSI
202305,97.9,소비자심리지수,,"6.2.1. 소비자동향조사(전국, 월, 2008.9~)",CCSI
202306,100.7,소비자심리지수,,"6.2.1. 소비자동향조사(전국, 월, 2008.9~)",CCSI
202307,103.4,소비자심리지수,,"6.2.1. 소비자동향조사(전국, 월, 2008.9~)",CCSI
202308,103.2,소비자심리지수,,"6.2.1. 소비자동향조사(전국, 월, 2008.9~)",CCSI
202309,99.7,소비자심리지수,,"6.2.1. 소비자동향조사(전국, 월, 2008.9~)",CCSI
202310,98.0,소비자심리지수,,"6.2.1. 소비자동향조사(전국, 월, 2008.9~)",CCSI
202311,97.1,소비자심리지수,,"6.2.1. 소비자동향조사(전국, 월, 2008.9~)",CCSI
202312,99.5,소비자심리지수,,"6.2.1. 소비자동향조사(전국, 월, 2008.9~)",CCSI
202401,101.5,소비자심리지수,,"6.2.1. 소비자동향조사(전국, 월, 2008.9~)",CCSI
202402,101.7,소비자심리지수,,"6.2.1. 소비자동향조사(전국, 월, 2008.9~)",CCSI
202403,100.5,소비자심리지수,,"6.2.1. 소비자동향조사(전국, 월, 2008.9~)",CCSI
202404,100.6,소비자심리지수,,"6.2.1. 소비자동향조사(전국, 월, 2008.9~)",CCSI
202405,98.2,소비자심리지수,,"6.2.1. 소비자동향조사(전국, 월, 2008.9~)",CCSI
202406,100.7,소비자심리지수,,"6.2.1. 소비자동향조사(전국, 월, 2008.9~)",CCSI
202407,103.6,소비자심리지수,,"6.2.1. 소비자동향조사(전국, 월, 2008.9~)",CCSI
202408,100.6,소비자심리지수,,"6.2.1. 소비자동향조사(전국, 월, 2008.9~)",CCSI
202409,99.8,소비자심리지수,,"6.2.1. 소비자동향조사(전국, 월, 2008.9~)",CCSI
202410,101.6,소비자심리지수,,"6.2.1. 소비자동향조사(전국, 월, 2008.9~)",CCSI
202411,100.6,소비자심리지수,,"6.2.1. 소비자동향조사(전국, 월, 2008.9~)",CCSI
202412,87.9,소비자심리지수,,"6.2.1. 소비자동향조사(전국, 월, 2008.9~)",CCSI
202501,91.0,소비자심리지수,,"6.2.1. 소비자동향조사(전국, 월, 2008.9~)",CCSI
202502,95.0,소비자심리지수,,"6.2.1. 소비자동향조사(전국, 월, 2008.9~)",CCSI
202503,93.2,소비자심리지수,,"6.2.1. 소비자동향조사(전국, 월, 2008.9~)",CCSI
202504,93.6,소비자심리지수,,"6.2.1. 소비자동향조사(전국, 월, 2008.9~)",CCSI
202505,101.7,소비자심리지수,,"6.2.1. 소비자동향조사(전국, 월, 2008.9~)",CCSI
202506,108.6,소비자심리지수,,"6.2.1. 소비자동향조사(전국, 월, 2008.9~)",CCSI
202507,110.7,소비자심리지수,,"6.2.1. 소비자동향조사(전국, 월, 2008.9~)",CCSI
202508,111.2,소비자심리지수,,"6.2.1. 소비자동향조사(전국, 월, 2008.9~)",CCSI
202509,110.0,소비자심리지수,,"6.2.1. 소비자동향조사(전국, 월, 2008.9~)",CCSI
202510,109.6,소비자심리지수,,"6.2.1. 소비자동향조사(전국, 월, 2008.9~)",CCSI
202511,112.3,소비자심리지수,,"6.2.1. 소비자동향조사(전국, 월, 2008.9~)",CCSI
202512,109.8,소비자심리지수,,"6.2.1. 소비자동향조사(전국, 월, 2008.9~)",CCSI
202601,110.8,소비자심리지수,,"6.2.1. 소비자동향조사(전국, 월, 2008.9~)",CCSI
202602,112.1,소비자심리지수,,"6.2.1. 소비자동향조사(전국, 월, 2008.9~)",CCSI
202603,107.0,소비자심리지수,,"6.2.1. 소비자동향조사(전국, 월, 2008.9~)",CCSI
201601,7317.4,경상수지,백만달러,2.5.1.1. 국제수지,경상수지
201602,7927.5,경상수지,백만달러,2.5.1.1. 국제수지,경상수지
201603,11122.8,경상수지,백만달러,2.5.1.1. 국제수지,경상수지
201604,4184.3,경상수지,백만달러,2.5.1.1. 국제수지,경상수지
201605,10491.0,경상수지,백만달러,2.5.1.1. 국제수지,경상수지
201606,12409.7,경상수지,백만달러,2.5.1.1. 국제수지,경상수지
201607,8831.8,경상수지,백만달러,2.5.1.1. 국제수지,경상수지
201608,5410.1,경상수지,백만달러,2.5.1.1. 국제수지,경상수지
201609,7517.5,경상수지,백만달러,2.5.1.1. 국제수지,경상수지
201610,7476.8,경상수지,백만달러,2.5.1.1. 국제수지,경상수지
201611,7873.3,경상수지,백만달러,2.5.1.1. 국제수지,경상수지
201612,7361.5,경상수지,백만달러,2.5.1.1. 국제수지,경상수지
201701,3401.7,경상수지,백만달러,2.5.1.1. 국제수지,경상수지
201702,7438.6,경상수지,백만달러,2.5.1.1. 국제수지,경상수지
201703,5140.3,경상수지,백만달러,2.5.1.1. 국제수지,경상수지
201704,3184.0,경상수지,백만달러,2.5.1.1. 국제수지,경상수지
201705,4262.1,경상수지,백만달러,2.5.1.1. 국제수지,경상수지
201706,7008.9,경상수지,백만달러,2.5.1.1. 국제수지,경상수지
201707,7467.4,경상수지,백만달러,2.5.1.1. 국제수지,경상수지
201708,6139.4,경상수지,백만달러,2.5.1.1. 국제수지,경상수지
201709,12337.7,경상수지,백만달러,2.5.1.1. 국제수지,경상수지
201710,6890.0,경상수지,백만달러,2.5.1.1. 국제수지,경상수지
201711,7474.3,경상수지,백만달러,2.5.1.1. 국제수지,경상수지
201712,4486.5,경상수지,백만달러,2.5.1.1. 국제수지,경상수지
201801,2556.9,경상수지,백만달러,2.5.1.1. 국제수지,경상수지
201802,3226.7,경상수지,백만달러,2.5.1.1. 국제수지,경상수지
201803,5210.4,경상수지,백만달러,2.5.1.1. 국제수지,경상수지
201804,1490.4,경상수지,백만달러,2.5.1.1. 국제수지,경상수지
201805,8792.3,경상수지,백만달러,2.5.1.1. 국제수지,경상수지
201806,7980.1,경상수지,백만달러,2.5.1.1. 국제수지,경상수지
201807,8874.4,경상수지,백만달러,2.5.1.1. 국제수지,경상수지
201808,8581.2,경상수지,백만달러,2.5.1.1. 국제수지,경상수지
201809,11235.5,경상수지,백만달러,2.5.1.1. 국제수지,경상수지
201810,9473.6,경상수지,백만달러,2.5.1.1. 국제수지,경상수지
201811,5130.6,경상수지,백만달러,2.5.1.1. 국제수지,경상수지
201812,4914.4,경상수지,백만달러,2.5.1.1. 국제수지,경상수지
201901,2894.7,경상수지,백만달러,2.5.1.1. 국제수지,경상수지
201902,3308.2,경상수지,백만달러,2.5.1.1. 국제수지,경상수지
201903,4347.0,경상수지,백만달러,2.5.1.1. 국제수지,경상수지
201904,-527.4,경상수지,백만달러,2.5.1.1. 국제수지,경상수지
201905,4983.2,경상수지,백만달러,2.5.1.1. 국제수지,경상수지
201906,6166.1,경상수지,백만달러,2.5.1.1. 국제수지,경상수지
201907,6957.2,경상수지,백만달러,2.5.1.1. 국제수지,경상수지
201908,4983.5,경상수지,백만달러,2.5.1.1. 국제수지,경상수지
201909,8014.3,경상수지,백만달러,2.5.1.1. 국제수지,경상수지
201910,8035.8,경상수지,백만달러,2.5.1.1. 국제수지,경상수지
201911,5876.6,경상수지,백만달러,2.5.1.1. 국제수지,경상수지
201912,4636.9,경상수지,백만달러,2.5.1.1. 국제수지,경상수지
202001,434.3,경상수지,백만달러,2.5.1.1. 국제수지,경상수지
202002,6753.5,경상수지,백만달러,2.5.1.1. 국제수지,경상수지
202003,5906.9,경상수지,백만달러,2.5.1.1. 국제수지,경상수지
202004,-4697.5,경상수지,백만달러,2.5.1.1. 국제수지,경상수지
202005,2078.1,경상수지,백만달러,2.5.1.1. 국제수지,경상수지
202006,6967.5,경상수지,백만달러,2.5.1.1. 국제수지,경상수지
202007,7304.6,경상수지,백만달러,2.5.1.1. 국제수지,경상수지
202008,6539.2,경상수지,백만달러,2.5.1.1. 국제수지,경상수지
202009,10847.1,경상수지,백만달러,2.5.1.1. 국제수지,경상수지
202010,12439.9,경상수지,백만달러,2.5.1.1. 국제수지,경상수지
202011,9664.9,경상수지,백만달러,2.5.1.1. 국제수지,경상수지
202012,12264.9,경상수지,백만달러,2.5.1.1. 국제수지,경상수지
202101,5745.1,경상수지,백만달러,2.5.1.1. 국제수지,경상수지
202102,6698.6,경상수지,백만달러,2.5.1.1. 국제수지,경상수지
202103,7255.4,경상수지,백만달러,2.5.1.1. 국제수지,경상수지
202104,-493.4,경상수지,백만달러,2.5.1.1. 국제수지,경상수지
202105,11856.8,경상수지,백만달러,2.5.1.1. 국제수지,경상수지
202106,9930.8,경상수지,백만달러,2.5.1.1. 국제수지,경상수지
202107,7324.3,경상수지,백만달러,2.5.1.1. 국제수지,경상수지
202108,6671.5,경상수지,백만달러,2.5.1.1. 국제수지,경상수지
202109,9308.2,경상수지,백만달러,2.5.1.1. 국제수지,경상수지
202110,7357.7,경상수지,백만달러,2.5.1.1. 국제수지,경상수지
202111,6534.6,경상수지,백만달러,2.5.1.1. 국제수지,경상수지
202112,5689.5,경상수지,백만달러,2.5.1.1. 국제수지,경상수지
202201,1646.4,경상수지,백만달러,2.5.1.1. 국제수지,경상수지
202202,5263.3,경상수지,백만달러,2.5.1.1. 국제수지,경상수지
202203,7131.1,경상수지,백만달러,2.5.1.1. 국제수지,경상수지
202204,-539.6,경상수지,백만달러,2.5.1.1. 국제수지,경상수지
202205,4202.3,경상수지,백만달러,2.5.1.1. 국제수지,경상수지
202206,5972.9,경상수지,백만달러,2.5.1.1. 국제수지,경상수지
202207,1619.8,경상수지,백만달러,2.5.1.1. 국제수지,경상수지
202208,-4363.0,경상수지,백만달러,2.5.1.1. 국제수지,경상수지
202209,1810.1,경상수지,백만달러,2.5.1.1. 국제수지,경상수지
202210,472.9,경상수지,백만달러,2.5.1.1. 국제수지,경상수지
202211,-1842.5,경상수지,백만달러,2.5.1.1. 국제수지,경상수지
202212,1864.7,경상수지,백만달러,2.5.1.1. 국제수지,경상수지
202301,-9056.0,경상수지,백만달러,2.5.1.1. 국제수지,경상수지
202302,-1859.9,경상수지,백만달러,2.5.1.1. 국제수지,경상수지
202303,-1213.5,경상수지,백만달러,2.5.1.1. 국제수지,경상수지
202304,-2891.1,경상수지,백만달러,2.5.1.1. 국제수지,경상수지
202305,2023.6,경상수지,백만달러,2.5.1.1. 국제수지,경상수지
202306,3923.7,경상수지,백만달러,2.5.1.1. 국제수지,경상수지
202307,3715.3,경상수지,백만달러,2.5.1.1. 국제수지,경상수지
202308,6232.9,경상수지,백만달러,2.5.1.1. 국제수지,경상수지
202309,7548.7,경상수지,백만달러,2.5.1.1. 국제수지,경상수지
202310,8417.3,경상수지,백만달러,2.5.1.1. 국제수지,경상수지
202311,6721.2,경상수지,백만달러,2.5.1.1. 국제수지,경상수지
202312,8968.0,경상수지,백만달러,2.5.1.1. 국제수지,경상수지
202401,3511.9,경상수지,백만달러,2.5.1.1. 국제수지,경상수지
202402,6802.1,경상수지,백만달러,2.5.1.1. 국제수지,경상수지
202403,7826.8,경상수지,백만달러,2.5.1.1. 국제수지,경상수지
202404,773.8,경상수지,백만달러,2.5.1.1. 국제수지,경상수지
202405,9277.4,경상수지,백만달러,2.5.1.1. 국제수지,경상수지
202406,13431.5,경상수지,백만달러,2.5.1.1. 국제수지,경상수지
202407,9022.6,경상수지,백만달러,2.5.1.1. 국제수지,경상수지
202408,5899.8,경상수지,백만달러,2.5.1.1. 국제수지,경상수지
202409,11368.5,경상수지,백만달러,2.5.1.1. 국제수지,경상수지
202410,9861.5,경상수지,백만달러,2.5.1.1. 국제수지,경상수지
202411,9456.6,경상수지,백만달러,2.5.1.1. 국제수지,경상수지
202412,12741.0,경상수지,백만달러,2.5.1.1. 국제수지,경상수지
202501,2678.0,경상수지,백만달러,2.5.1.1. 국제수지,경상수지
202502,7225.2,경상수지,백만달러,2.5.1.1. 국제수지,경상수지
202503,9583.2,경상수지,백만달러,2.5.1.1. 국제수지,경상수지
202504,4510.6,경상수지,백만달러,2.5.1.1. 국제수지,경상수지
202505,9906.7,경상수지,백만달러,2.5.1.1. 국제수지,경상수지
202506,13968.5,경상수지,백만달러,2.5.1.1. 국제수지,경상수지
202507,11945.1,경상수지,백만달러,2.5.1.1. 국제수지,경상수지
202508,9848.0,경상수지,백만달러,2.5.1.1. 국제수지,경상수지
202509,14220.3,경상수지,백만달러,2.5.1.1. 국제수지,경상수지
202510,7567.6,경상수지,백만달러,2.5.1.1. 국제수지,경상수지
202511,12898.0,경상수지,백만달러,2.5.1.1. 국제수지,경상수지
202512,18702.6,경상수지,백만달러,2.5.1.1. 국제수지,경상수지
202601,13259.1,경상수지,백만달러,2.5.1.1. 국제수지,경상수지
202602,23192.7,경상수지,백만달러,2.5.1.1. 국제수지,경상수지
202603,37928.4,경상수지,백만달러,2.5.1.1. 국제수지,경상수지
201601,1306.27,원/유로,원,3.1.2.1. 주요국 통화의 대원화환율,원달러환율
201601,1322.17,원/유로,원,3.1.2.1. 주요국 통화의 대원화환율,원달러환율
201602,1348.77,원/유로,원,3.1.2.1. 주요국 통화의 대원화환율,원달러환율
201602,1348.32,원/유로,원,3.1.2.1. 주요국 통화의 대원화환율,원달러환율
201603,1322.22,원/유로,원,3.1.2.1. 주요국 통화의 대원화환율,원달러환율
201603,1307.43,원/유로,원,3.1.2.1. 주요국 통화의 대원화환율,원달러환율
201604,1300.69,원/유로,원,3.1.2.1. 주요국 통화의 대원화환율,원달러환율
201604,1298.38,원/유로,원,3.1.2.1. 주요국 통화의 대원화환율,원달러환율
201605,1323.56,원/유로,원,3.1.2.1. 주요국 통화의 대원화환율,원달러환율
201605,1326.8,원/유로,원,3.1.2.1. 주요국 통화의 대원화환율,원달러환율
201606,1315.43,원/유로,원,3.1.2.1. 주요국 통화의 대원화환율,원달러환율
201606,1295.5,원/유로,원,3.1.2.1. 주요국 통화의 대원화환율,원달러환율
201607,1265.39,원/유로,원,3.1.2.1. 주요국 통화의 대원화환율,원달러환율
201607,1246.71,원/유로,원,3.1.2.1. 주요국 통화의 대원화환율,원달러환율
201608,1245.95,원/유로,원,3.1.2.1. 주요국 통화의 대원화환율,원달러환율
201608,1246.85,원/유로,원,3.1.2.1. 주요국 통화의 대원화환율,원달러환율
201609,1241.09,원/유로,원,3.1.2.1. 주요국 통화의 대원화환율,원달러환율
201609,1230.32,원/유로,원,3.1.2.1. 주요국 통화의 대원화환율,원달러환율
201610,1240.57,원/유로,원,3.1.2.1. 주요국 통화의 대원화환율,원달러환율
201610,1257.14,원/유로,원,3.1.2.1. 주요국 통화의 대원화환율,원달러환율
201611,1254.4,원/유로,원,3.1.2.1. 주요국 통화의 대원화환율,원달러환율
201611,1244.34,원/유로,원,3.1.2.1. 주요국 통화의 대원화환율,원달러환율
201612,1245.51,원/유로,원,3.1.2.1. 주요국 통화의 대원화환율,원달러환율
201612,1267.6,원/유로,원,3.1.2.1. 주요국 통화의 대원화환율,원달러환율
201701,1257.71,원/유로,원,3.1.2.1. 주요국 통화의 대원화환율,원달러환율
201701,1239.48,원/유로,원,3.1.2.1. 주요국 통화의 대원화환율,원달러환율
201702,1219.46,원/유로,원,3.1.2.1. 주요국 통화의 대원화환율,원달러환율
201702,1198.55,원/유로,원,3.1.2.1. 주요국 통화의 대원화환율,원달러환율
201703,1213.1,원/유로,원,3.1.2.1. 주요국 통화의 대원화환율,원달러환율
201703,1192.61,원/유로,원,3.1.2.1. 주요국 통화의 대원화환율,원달러환율
201704,1213.41,원/유로,원,3.1.2.1. 주요국 통화의 대원화환율,원달러환율
201704,1228.14,원/유로,원,3.1.2.1. 주요국 통화의 대원화환율,원달러환율
201705,1245.11,원/유로,원,3.1.2.1. 주요국 통화의 대원화환율,원달러환율
201705,1255.56,원/유로,원,3.1.2.1. 주요국 통화의 대원화환율,원달러환율
201706,1268.83,원/유로,원,3.1.2.1. 주요국 통화의 대원화환율,원달러환율
201706,1303.99,원/유로,원,3.1.2.1. 주요국 통화의 대원화환율,원달러환율
201707,1305.93,원/유로,원,3.1.2.1. 주요국 통화의 대원화환율,원달러환율
201707,1315.67,원/유로,원,3.1.2.1. 주요국 통화의 대원화환율,원달러환율
201708,1336.51,원/유로,원,3.1.2.1. 주요국 통화의 대원화환율,원달러환율
201708,1335.63,원/유로,원,3.1.2.1. 주요국 통화의 대원화환율,원달러환율
201709,1347.86,원/유로,원,3.1.2.1. 주요국 통화의 대원화환율,원달러환율
201709,1350.87,원/유로,원,3.1.2.1. 주요국 통화의 대원화환율,원달러환율
201710,1331.28,원/유로,원,3.1.2.1. 주요국 통화의 대원화환율,원달러환율
201710,1310.06,원/유로,원,3.1.2.1. 주요국 통화의 대원화환율,원달러환율
201711,1296.16,원/유로,원,3.1.2.1. 주요국 통화의 대원화환율,원달러환율
201711,1282.7,원/유로,원,3.1.2.1. 주요국 통화의 대원화환율,원달러환율
201712,1284.44,원/유로,원,3.1.2.1. 주요국 통화의 대원화환율,원달러환율
201712,1279.25,원/유로,원,3.1.2.1. 주요국 통화의 대원화환율,원달러환율
201801,1299.57,원/유로,원,3.1.2.1. 주요국 통화의 대원화환율,원달러환율
201801,1329.09,원/유로,원,3.1.2.1. 주요국 통화의 대원화환율,원달러환율
201802,1332.23,원/유로,원,3.1.2.1. 주요국 통화의 대원화환율,원달러환율
201802,1310.42,원/유로,원,3.1.2.1. 주요국 통화의 대원화환율,원달러환율
201803,1322.89,원/유로,원,3.1.2.1. 주요국 통화의 대원화환율,원달러환율
201803,1311.95,원/유로,원,3.1.2.1. 주요국 통화의 대원화환율,원달러환율
201804,1311.84,원/유로,원,3.1.2.1. 주요국 통화의 대원화환율,원달러환율
201804,1304.46,원/유로,원,3.1.2.1. 주요국 통화의 대원화환율,원달러환율
201805,1271.8,원/유로,원,3.1.2.1. 주요국 통화의 대원화환율,원달러환율
201805,1261.34,원/유로,원,3.1.2.1. 주요국 통화의 대원화환율,원달러환율
201806,1275.06,원/유로,원,3.1.2.1. 주요국 통화의 대원화환율,원달러환율
201806,1297.02,원/유로,원,3.1.2.1. 주요국 통화의 대원화환율,원달러환율
201807,1312.03,원/유로,원,3.1.2.1. 주요국 통화의 대원화환율,원달러환율
201807,1307.43,원/유로,원,3.1.2.1. 주요국 통화의 대원화환율,원달러환율
201808,1296.08,원/유로,원,3.1.2.1. 주요국 통화의 대원화환율,원달러환율
201808,1293.19,원/유로,원,3.1.2.1. 주요국 통화의 대원화환율,원달러환율
201809,1304.74,원/유로,원,3.1.2.1. 주요국 통화의 대원화환율,원달러환율
201809,1294.57,원/유로,원,3.1.2.1. 주요국 통화의 대원화환율,원달러환율
201810,1299.55,원/유로,원,3.1.2.1. 주요국 통화의 대원화환율,원달러환율
201810,1294.01,원/유로,원,3.1.2.1. 주요국 통화의 대원화환율,원달러환율
201811,1282.44,원/유로,원,3.1.2.1. 주요국 통화의 대원화환율,원달러환율
201811,1277.67,원/유로,원,3.1.2.1. 주요국 통화의 대원화환율,원달러환율
201812,1277.0,원/유로,원,3.1.2.1. 주요국 통화의 대원화환율,원달러환율
201812,1279.16,원/유로,원,3.1.2.1. 주요국 통화의 대원화환율,원달러환율
201901,1281.52,원/유로,원,3.1.2.1. 주요국 통화의 대원화환율,원달러환율
201901,1283.05,원/유로,원,3.1.2.1. 주요국 통화의 대원화환율,원달러환율
201902,1272.47,원/유로,원,3.1.2.1. 주요국 통화의 대원화환율,원달러환율
201902,1271.5,원/유로,원,3.1.2.1. 주요국 통화의 대원화환율,원달러환율
201903,1278.47,원/유로,원,3.1.2.1. 주요국 통화의 대원화환율,원달러환율
201903,1277.46,원/유로,원,3.1.2.1. 주요국 통화의 대원화환율,원달러환율
201904,1281.77,원/유로,원,3.1.2.1. 주요국 통화의 대원화환율,원달러환율
201904,1295.33,원/유로,원,3.1.2.1. 주요국 통화의 대원화환율,원달러환율
201905,1323.65,원/유로,원,3.1.2.1. 주요국 통화의 대원화환율,원달러환율
201905,1324.83,원/유로,원,3.1.2.1. 주요국 통화의 대원화환율,원달러환율
201906,1327.32,원/유로,원,3.1.2.1. 주요국 통화의 대원화환율,원달러환율
201906,1315.11,원/유로,원,3.1.2.1. 주요국 통화의 대원화환율,원달러환율
201907,1319.42,원/유로,원,3.1.2.1. 주요국 통화의 대원화환율,원달러환율
201907,1318.82,원/유로,원,3.1.2.1. 주요국 통화의 대원화환율,원달러환율
201908,1345.55,원/유로,원,3.1.2.1. 주요국 통화의 대원화환율,원달러환율
201908,1343.83,원/유로,원,3.1.2.1. 주요국 통화의 대원화환율,원달러환율
201909,1318.51,원/유로,원,3.1.2.1. 주요국 통화의 대원화환율,원달러환율
201909,1314.64,원/유로,원,3.1.2.1. 주요국 통화의 대원화환율,원달러환율
201910,1309.03,원/유로,원,3.1.2.1. 주요국 통화의 대원화환율,원달러환율
201910,1303.17,원/유로,원,3.1.2.1. 주요국 통화의 대원화환율,원달러환율
201911,1290.56,원/유로,원,3.1.2.1. 주요국 통화의 대원화환율,원달러환율
201911,1298.47,원/유로,원,3.1.2.1. 주요국 통화의 대원화환율,원달러환율
201912,1306.33,원/유로,원,3.1.2.1. 주요국 통화의 대원화환율,원달러환율
201912,1297.43,원/유로,원,3.1.2.1. 주요국 통화의 대원화환율,원달러환율
202001,1293.7,원/유로,원,3.1.2.1. 주요국 통화의 대원화환율,원달러환율
202001,1305.76,원/유로,원,3.1.2.1. 주요국 통화의 대원화환율,원달러환율
202002,1302.33,원/유로,원,3.1.2.1. 주요국 통화의 대원화환율,원달러환율
202002,1337.61,원/유로,원,3.1.2.1. 주요국 통화의 대원화환율,원달러환율
202003,1350.35,원/유로,원,3.1.2.1. 주요국 통화의 대원화환율,원달러환율
202003,1348.65,원/유로,원,3.1.2.1. 주요국 통화의 대원화환율,원달러환율
202004,1331.71,원/유로,원,3.1.2.1. 주요국 통화의 대원화환율,원달러환율
202004,1326.4,원/유로,원,3.1.2.1. 주요국 통화의 대원화환율,원달러환율
202005,1338.74,원/유로,원,3.1.2.1. 주요국 통화의 대원화환율,원달러환율
202005,1372.57,원/유로,원,3.1.2.1. 주요국 통화의 대원화환율,원달러환율
202006,1361.77,원/유로,원,3.1.2.1. 주요국 통화의 대원화환율,원달러환율
202006,1350.19,원/유로,원,3.1.2.1. 주요국 통화의 대원화환율,원달러환율
202007,1372.98,원/유로,원,3.1.2.1. 주요국 통화의 대원화환율,원달러환율
202007,1411.21,원/유로,원,3.1.2.1. 주요국 통화의 대원화환율,원달러환율
202008,1403.36,원/유로,원,3.1.2.1. 주요국 통화의 대원화환율,원달러환율
202008,1411.22,원/유로,원,3.1.2.1. 주요국 통화의 대원화환율,원달러환율
202009,1391.02,원/유로,원,3.1.2.1. 주요국 통화의 대원화환율,원달러환율
202009,1369.42,원/유로,원,3.1.2.1. 주요국 통화의 대원화환율,원달러환율
202010,1347.55,원/유로,원,3.1.2.1. 주요국 통화의 대원화환율,원달러환율
202010,1323.07,원/유로,원,3.1.2.1. 주요국 통화의 대원화환율,원달러환율
202011,1320.66,원/유로,원,3.1.2.1. 주요국 통화의 대원화환율,원달러환율
202011,1321.58,원/유로,원,3.1.2.1. 주요국 통화의 대원화환율,원달러환율
202012,1331.75,원/유로,원,3.1.2.1. 주요국 통화의 대원화환율,원달러환율
202012,1338.24,원/유로,원,3.1.2.1. 주요국 통화의 대원화환율,원달러환율
202101,1336.31,원/유로,원,3.1.2.1. 주요국 통화의 대원화환율,원달러환율
202101,1351.12,원/유로,원,3.1.2.1. 주요국 통화의 대원화환율,원달러환율
202102,1344.6,원/유로,원,3.1.2.1. 주요국 통화의 대원화환율,원달러환율
202102,1349.86,원/유로,원,3.1.2.1. 주요국 통화의 대원화환율,원달러환율
202103,1346.74,원/유로,원,3.1.2.1. 주요국 통화의 대원화환율,원달러환율
202103,1328.29,원/유로,원,3.1.2.1. 주요국 통화의 대원화환율,원달러환율
202104,1338.47,원/유로,원,3.1.2.1. 주요국 통화의 대원화환율,원달러환율
202104,1342.33,원/유로,원,3.1.2.1. 주요국 통화의 대원화환율,원달러환율
202105,1363.91,원/유로,원,3.1.2.1. 주요국 통화의 대원화환율,원달러환율
202105,1360.91,원/유로,원,3.1.2.1. 주요국 통화의 대원화환율,원달러환율
202106,1351.94,원/유로,원,3.1.2.1. 주요국 통화의 대원화환율,원달러환율
202106,1344.42,원/유로,원,3.1.2.1. 주요국 통화의 대원화환율,원달러환율
202107,1352.72,원/유로,원,3.1.2.1. 주요국 통화의 대원화환율,원달러환율
202107,1364.6,원/유로,원,3.1.2.1. 주요국 통화의 대원화환율,원달러환율
202108,1365.63,원/유로,원,3.1.2.1. 주요국 통화의 대원화환율,원달러환율
202108,1373.7,원/유로,원,3.1.2.1. 주요국 통화의 대원화환율,원달러환율
202109,1378.19,원/유로,원,3.1.2.1. 주요국 통화의 대원화환율,원달러환율
202109,1374.31,원/유로,원,3.1.2.1. 주요국 통화의 대원화환율,원달러환율
202110,1372.24,원/유로,원,3.1.2.1. 주요국 통화의 대원화환율,원달러환율
202110,1368.78,원/유로,원,3.1.2.1. 주요국 통화의 대원화환율,원달러환율
202111,1350.43,원/유로,원,3.1.2.1. 주요국 통화의 대원화환율,원달러환율
202111,1347.59,원/유로,원,3.1.2.1. 주요국 통화의 대원화환율,원달러환율
202112,1338.19,원/유로,원,3.1.2.1. 주요국 통화의 대원화환율,원달러환율
202112,1342.34,원/유로,원,3.1.2.1. 주요국 통화의 대원화환율,원달러환율
202201,1353.2,원/유로,원,3.1.2.1. 주요국 통화의 대원화환율,원달러환율
202201,1340.07,원/유로,원,3.1.2.1. 주요국 통화의 대원화환율,원달러환율
202202,1359.89,원/유로,원,3.1.2.1. 주요국 통화의 대원화환율,원달러환율
202202,1342.09,원/유로,원,3.1.2.1. 주요국 통화의 대원화환율,원달러환율
202203,1345.33,원/유로,원,3.1.2.1. 주요국 통화의 대원화환율,원달러환율
202203,1351.13,원/유로,원,3.1.2.1. 주요국 통화의 대원화환율,원달러환율
202204,1334.08,원/유로,원,3.1.2.1. 주요국 통화의 대원화환율,원달러환율
202204,1332.74,원/유로,원,3.1.2.1. 주요국 통화의 대원화환율,원달러환율
202205,1342.43,원/유로,원,3.1.2.1. 주요국 통화의 대원화환율,원달러환율
202205,1342.29,원/유로,원,3.1.2.1. 주요국 통화의 대원화환율,원달러환율
202206,1348.96,원/유로,원,3.1.2.1. 주요국 통화의 대원화환율,원달러환율
202206,1350.05,원/유로,원,3.1.2.1. 주요국 통화의 대원화환율,원달러환율
202207,1332.91,원/유로,원,3.1.2.1. 주요국 통화의 대원화환율,원달러환율
202207,1329.3,원/유로,원,3.1.2.1. 주요국 통화의 대원화환율,원달러환율
202208,1334.53,원/유로,원,3.1.2.1. 주요국 통화의 대원화환율,원달러환율
202208,1350.26,원/유로,원,3.1.2.1. 주요국 통화의 대원화환율,원달러환율
202209,1377.09,원/유로,원,3.1.2.1. 주요국 통화의 대원화환율,원달러환율
202209,1408.83,원/유로,원,3.1.2.1. 주요국 통화의 대원화환율,원달러환율
202210,1404.83,원/유로,원,3.1.2.1. 주요국 통화의 대원화환율,원달러환율
202210,1413.34,원/유로,원,3.1.2.1. 주요국 통화의 대원화환율,원달러환율
202211,1388.29,원/유로,원,3.1.2.1. 주요국 통화의 대원화환율,원달러환율
202211,1374.31,원/유로,원,3.1.2.1. 주요국 통화의 대원화환율,원달러환율
202212,1371.13,원/유로,원,3.1.2.1. 주요국 통화의 대원화환율,원달러환율
202212,1351.2,원/유로,원,3.1.2.1. 주요국 통화의 대원화환율,원달러환율
202301,1342.37,원/유로,원,3.1.2.1. 주요국 통화의 대원화환율,원달러환율
202301,1332.83,원/유로,원,3.1.2.1. 주요국 통화의 대원화환율,원달러환율
202302,1361.65,원/유로,원,3.1.2.1. 주요국 통화의 대원화환율,원달러환율
202302,1397.76,원/유로,원,3.1.2.1. 주요국 통화의 대원화환율,원달러환율
202303,1398.5,원/유로,원,3.1.2.1. 주요국 통화의 대원화환율,원달러환율
202303,1421.53,원/유로,원,3.1.2.1. 주요국 통화의 대원화환율,원달러환율
202304,1446.41,원/유로,원,3.1.2.1. 주요국 통화의 대원화환율,원달러환율
202304,1477.64,원/유로,원,3.1.2.1. 주요국 통화의 대원화환율,원달러환율
202305,1444.2,원/유로,원,3.1.2.1. 주요국 통화의 대원화환율,원달러환율
202305,1418.99,원/유로,원,3.1.2.1. 주요국 통화의 대원화환율,원달러환율
202306,1405.98,원/유로,원,3.1.2.1. 주요국 통화의 대원화환율,원달러환율
202306,1426.55,원/유로,원,3.1.2.1. 주요국 통화의 대원화환율,원달러환율
202307,1421.87,원/유로,원,3.1.2.1. 주요국 통화의 대원화환율,원달러환율
202307,1411.33,원/유로,원,3.1.2.1. 주요국 통화의 대원화환율,원달러환율
202308,1439.04,원/유로,원,3.1.2.1. 주요국 통화의 대원화환율,원달러환율
202308,1444.36,원/유로,원,3.1.2.1. 주요국 통화의 대원화환율,원달러환율
202309,1422.61,원/유로,원,3.1.2.1. 주요국 통화의 대원화환율,원달러환율
202309,1421.72,원/유로,원,3.1.2.1. 주요국 통화의 대원화환율,원달러환율
202310,1427.31,원/유로,원,3.1.2.1. 주요국 통화의 대원화환율,원달러환율
202310,1435.86,원/유로,원,3.1.2.1. 주요국 통화의 대원화환율,원달러환율
202311,1415.59,원/유로,원,3.1.2.1. 주요국 통화의 대원화환율,원달러환율
202311,1414.16,원/유로,원,3.1.2.1. 주요국 통화의 대원화환율,원달러환율
202312,1422.28,원/유로,원,3.1.2.1. 주요국 통화의 대원화환율,원달러환율
202312,1426.59,원/유로,원,3.1.2.1. 주요국 통화의 대원화환율,원달러환율
202401,1444.12,원/유로,원,3.1.2.1. 주요국 통화의 대원화환율,원달러환율
202401,1443.1,원/유로,원,3.1.2.1. 주요국 통화의 대원화환율,원달러환율
202402,1437.52,원/유로,원,3.1.2.1. 주요국 통화의 대원화환율,원달러환율
202402,1445.92,원/유로,원,3.1.2.1. 주요국 통화의 대원화환율,원달러환율
202403,1447.27,원/유로,원,3.1.2.1. 주요국 통화의 대원화환율,원달러환율
202403,1452.93,원/유로,원,3.1.2.1. 주요국 통화의 대원화환율,원달러환율
202404,1466.77,원/유로,원,3.1.2.1. 주요국 통화의 대원화환율,원달러환율
202404,1477.48,원/유로,원,3.1.2.1. 주요국 통화의 대원화환율,원달러환율
202405,1476.24,원/유로,원,3.1.2.1. 주요국 통화의 대원화환율,원달러환율
202405,1491.09,원/유로,원,3.1.2.1. 주요국 통화의 대원화환율,원달러환율
202406,1485.57,원/유로,원,3.1.2.1. 주요국 통화의 대원화환율,원달러환율
202406,1487.07,원/유로,원,3.1.2.1. 주요국 통화의 대원화환율,원달러환율
202407,1499.68,원/유로,원,3.1.2.1. 주요국 통화의 대원화환율,원달러환율
202407,1497.51,원/유로,원,3.1.2.1. 주요국 통화의 대원화환율,원달러환율
202408,1491.48,원/유로,원,3.1.2.1. 주요국 통화의 대원화환율,원달러환율
202408,1479.58,원/유로,원,3.1.2.1. 주요국 통화의 대원화환율,원달러환율
202409,1481.6,원/유로,원,3.1.2.1. 주요국 통화의 대원화환율,원달러환율
202409,1474.06,원/유로,원,3.1.2.1. 주요국 통화의 대원화환율,원달러환율
202410,1481.35,원/유로,원,3.1.2.1. 주요국 통화의 대원화환율,원달러환율
202410,1502.19,원/유로,원,3.1.2.1. 주요국 통화의 대원화환율,원달러환율
202411,1482.93,원/유로,원,3.1.2.1. 주요국 통화의 대원화환율,원달러환율
202411,1472.04,원/유로,원,3.1.2.1. 주요국 통화의 대원화환율,원달러환율
202412,1502.63,원/유로,원,3.1.2.1. 주요국 통화의 대원화환율,원달러환율
202412,1528.73,원/유로,원,3.1.2.1. 주요국 통화의 대원화환율,원달러환율
202501,1504.11,원/유로,원,3.1.2.1. 주요국 통화의 대원화환율,원달러환율
202501,1488.84,원/유로,원,3.1.2.1. 주요국 통화의 대원화환율,원달러환율
202502,1505.44,원/유로,원,3.1.2.1. 주요국 통화의 대원화환율,원달러환율
202502,1496.97,원/유로,원,3.1.2.1. 주요국 통화의 대원화환율,원달러환율
202503,1575.91,원/유로,원,3.1.2.1. 주요국 통화의 대원화환율,원달러환율
202503,1587.85,원/유로,원,3.1.2.1. 주요국 통화의 대원화환율,원달러환율
202504,1617.71,원/유로,원,3.1.2.1. 주요국 통화의 대원화환율,원달러환율
202504,1638.24,원/유로,원,3.1.2.1. 주요국 통화의 대원화환율,원달러환율
202505,1571.45,원/유로,원,3.1.2.1. 주요국 통화의 대원화환율,원달러환율
202505,1571.14,원/유로,원,3.1.2.1. 주요국 통화의 대원화환율,원달러환율
202506,1574.56,원/유로,원,3.1.2.1. 주요국 통화의 대원화환율,원달러환율
202506,1591.8,원/유로,원,3.1.2.1. 주요국 통화의 대원화환율,원달러환율
202507,1607.95,원/유로,원,3.1.2.1. 주요국 통화의 대원화환율,원달러환율
202507,1579.62,원/유로,원,3.1.2.1. 주요국 통화의 대원화환율,원달러환율
202508,1617.03,원/유로,원,3.1.2.1. 주요국 통화의 대원화환율,원달러환율
202508,1621.61,원/유로,원,3.1.2.1. 주요국 통화의 대원화환율,원달러환율
202509,1633.09,원/유로,원,3.1.2.1. 주요국 통화의 대원화환율,원달러환율
202509,1644.5,원/유로,원,3.1.2.1. 주요국 통화의 대원화환율,원달러환율
202510,1655.73,원/유로,원,3.1.2.1. 주요국 통화의 대원화환율,원달러환율
202510,1646.5,원/유로,원,3.1.2.1. 주요국 통화의 대원화환율,원달러환율
202511,1684.9,원/유로,원,3.1.2.1. 주요국 통화의 대원화환율,원달러환율
202511,1699.17,원/유로,원,3.1.2.1. 주요국 통화의 대원화환율,원달러환율
202512,1717.96,원/유로,원,3.1.2.1. 주요국 통화의 대원화환율,원달러환율
202512,1685.72,원/유로,원,3.1.2.1. 주요국 통화의 대원화환율,원달러환율
202601,1709.82,원/유로,원,3.1.2.1. 주요국 통화의 대원화환율,원달러환율
202601,1708.33,원/유로,원,3.1.2.1. 주요국 통화의 대원화환율,원달러환율
202602,1713.05,원/유로,원,3.1.2.1. 주요국 통화의 대원화환율,원달러환율
202602,1680.7,원/유로,원,3.1.2.1. 주요국 통화의 대원화환율,원달러환율
202603,1718.26,원/유로,원,3.1.2.1. 주요국 통화의 대원화환율,원달러환율
202603,1733.37,원/유로,원,3.1.2.1. 주요국 통화의 대원화환율,원달러환율
