article_id,framing_label,framing_label_kr,confidence,reason,media_name,media_group,event_type,date,title
8dc1953f00cc,negative,부정,0.9,제목과 본문 모두 브라질의 경제 상황을 둔화와 위기의 틀로 서술하고 있다.,연합뉴스,통신사/방송,GDP_성장률,2016-05-21,"브라질 정부, GDP 성장률 2년 연속 -3.8% 전망"
b35a393e4118,positive,긍정,0.9,가계부채 증가세의 안정화 전망과 해외 긍정 평가를 강조하며 긍정적으로 서술됨.,한국경제TV,경제지,GDP_성장률,2016-05-11,"진웅섭 ""2019년 주담대 증가율, GDP성장률 이내로 안정화"""
5191bc17114e,negative,부정,0.95,"경제성장률 전망 하향, 경기 악화 전망 등 부정적 서술이 주를 이룸.",한국경제TV,경제지,GDP_성장률,2016-05-24,"KDI, 올해 GDP 성장률 전망 3.0%->2.6% 하향"
7b2ae3573450,positive,긍정,0.9,인도의 경제성장률이 예상치를 웃돌고 높은 성장세를 과시했다는 긍정적인 서술이 주를 이룸.,서울경제,경제지,GDP_성장률,2016-05-31,인도 1~3월 GDP성장률 7/9%
a3e2f5eea47c,negative,부정,0.9,제목과 본문 모두 브라질 경제의 마이너스 성장과 긴축정책으로 인한 추가 하락 우려를 강조하고 있다.,서울경제,경제지,GDP_성장률,2016-06-02,브라질 올해 1·4분기 GDP 성장률 -0.3%
55e8e8663d84,negative,부정,0.9,제목에서 한국 GDP 성장률이 낮아질 것이라고 명시하며 부정적 프레임을 형성하고 있다.,서울경제,경제지,GDP_성장률,2016-06-29,"SC은행 ""브렉시트 영향으로 한국 GDP 성장률 낮아질 것"""
14d5dee6d2bc,positive,긍정,0.9,제목에서 2분기 GDP 성장률이 예상치를 웃돌았다는 긍정적인 내용을 강조하고 있다.,SBS Biz,경제지,GDP_성장률,2016-07-15,2분기 GDP 성장률 6.7%…예상치 웃돌아
f2101f66b236,negative,부정,0.8,경제 성장 둔화로 골머리를 앓고 있는 중국이라는 표현에서 부정적 프레임이 드러남.,연합뉴스,통신사/방송,GDP_성장률,2016-07-05,"""경제성장률 높이자"" 中, GDP에 공유경제도 집어넣으려 골몰"
0ad7dc802bb3,negative,부정,0.9,제목과 본문 모두 한국 경제의 성장 둔화와 저성장 장기화 우려를 강조하고 있다.,한국경제,경제지,GDP_성장률,2016-07-26,성장엔진 식어가는 한국…2분기 GDP 0.7% 증가 그쳐
0fd1f0256baf,positive,긍정,0.9,제목과 본문에서 성장률이 시장 전망치를 웃돌았다는 점을 강조하며 긍정적으로 서술하고 있다.,매일경제,경제지,GDP_성장률,2016-07-26,"2분기 한국 GDP 성장률, 전분기 대비 0.7% 늘어 ‘선방’"
8e34689aacc1,negative,부정,0.9,제목은 중립적이지만 본문은 3분기 연속 0%대 성장률과 저성장 고착화를 강조하며 부정적으로 서술됨.,SBS Biz,경제지,GDP_성장률,2016-07-26,2분기 경제 성적표 나왔다…실질 GDP 성장률 '0.7%'
0262f7039eb4,negative,부정,0.9,"제목과 본문 모두 경제 성장률이 예상보다 크게 밑돌았다는 점을 강조하며, 경제 성장에 제동이 걸렸다는 부정적 틀로 서술하고 있다.",SBS,통신사/방송,GDP_성장률,2016-07-29,미 2분기 GDP 잠정성장률 1.2%…예상 크게 밑돌아
7baf3987d3e0,negative,부정,0.9,제목과 본문 모두 성장률이 예상보다 낮았다는 점을 강조하며 부정적으로 서술하고 있다.,서울경제,경제지,GDP_성장률,2016-07-29,미 2분기 성장률 1.2%..예상 하회
9937f570b4d7,positive,긍정,0.9,"대만 경제가 4분기 만에 마이너스 성장에서 벗어나고, 예상치를 상회하는 성장을 기록했다는 긍정적 서술이 주를 이룸.",연합뉴스,통신사/방송,GDP_성장률,2016-07-29,대만 2분기 GDP 성장률 0.69%…4분기만에 겨우 플러스 회복
b983046f4f04,negative,부정,0.9,제목과 본문 모두 미국의 GDP 성장률 부진과 저성장 우려를 강조하고 있다.,SBS Biz,경제지,GDP_성장률,2016-08-01,美 2분기 GDP 성장률 부진…깊어지는 저성장 우려
39485280755f,negative,부정,0.9,제목과 본문 모두 미국 GDP 성장률이 예상보다 낮아 저성장 국면에 진입했음을 우려하는 부정적 프레임으로 서술됨.,SBS Biz,경제지,GDP_성장률,2016-08-01,美 2분기 GDP 성장률 1.2%…저성장 국면 진입했나
2366de13d7f5,negative,부정,0.9,제목과 본문 모두 미국 GDP 부진과 글로벌 달러 약세를 강조하며 부정적으로 서술하고 있다.,SBS Biz,경제지,GDP_성장률,2016-08-01,美 GDP 성장률 부진에…글로벌 달러 '초약세'
73378f0f566c,negative,부정,0.9,"통계 조작과 관련된 부정적인 사건을 중심으로 서술하며, 경제 성장률에 대한 불신을 강조하고 있다.",매일경제,경제지,GDP_성장률,2016-08-01,통계 방식 바꿔 가며 성장률에 집착하는 이유
c7e7bb06c74b,negative,부정,0.9,제목과 본문 모두 중국 경제의 지역별 성장률 격차와 일부 지역의 경기침체를 강조하며 부정적으로 서술하고 있다.,연합뉴스,통신사/방송,GDP_성장률,2016-07-29,中 경제의 '고민'…지역별 GDP 성장률 '양극화'
3bfc83c5bcac,negative,부정,0.9,미국 GDP 성장률 부진 쇼크와 달러화 약세 심화로 인한 원·달러 환율 하락을 부정적으로 서술하고 있다.,한국경제,경제지,GDP_성장률,2016-08-01,"원·달러 환율, 美 GDP 쇼크에 13개월만에 1110원대로 '뚝'"
a85279837780,positive,긍정,0.8,금리 동결과 완화적 입장 강화 전망을 긍정적으로 서술하고 있다.,한국경제,경제지,기준금리,2020-08-27,"오늘 금통위서 금리 동결 전망…""완화적 입장 강화될 것"""
16e80342ace3,neutral,중립,0.9,"금리의 정의와 영향에 대한 설명을 제공하며, 긍정적 또는 부정적 평가 없이 사실 전달에 집중하고 있다.",한국경제,경제지,기준금리,2018-02-26,한국은행 금융통화위원회가 年 8회 기준금리 정해… 기준금리 오르면 은행 예금·대출금리도 따라 올라요
e8c54b35daec,negative,부정,0.8,부동산 임대업 대출 심사가 강화되어 가계부채와 부동산 시장 안정이 필요하다는 우려를 강조하고 있다.,매일경제,경제지,부동산_대출,2017-07-25,상가 등 부동산 임대업 대출때 임대소득 심사
42ad53aff94c,positive,긍정,0.9,미국 경제의 금리 인상에도 불구하고 소비와 물가가 안정적이라는 긍정적인 신호를 강조하며 우리 경제에도 긍정적인 영향을 미칠 가능성을 언급하고 있다.,SBS,통신사/방송,물가_인상,2023-09-01,"'소비 · 물가' 예상권…""금리인상 9회에 와 있다"""
dc39992f4e38,negative,부정,0.9,"금리 인하의 긍정적 효과를 언급하면서도, 민간 부채 증가와 연체율 급증으로 인한 경제 위기 가능성을 강조하고 있다.",서울경제,경제지,기준금리,2024-09-05,"""한은, 금리 0.25%P씩 3번 내리면 민간 이자부담 8.9조 줄어"""
e9120497a490,negative,부정,0.95,제목과 본문 모두 한국 경제 전망의 하락과 우려를 강조하고 있다.,연합뉴스,통신사/방송,GDP_성장률,2020-02-09,신종코로나에 韓수출·투자전망 '뚝뚝'…올해 GDP 1.5% 전망도
d2037ccf9eea,negative,부정,0.9,기사에서 국채시장 감당 우려와 국가 신용 등급 하락 가능성을 강조하며 부정적으로 서술하고 있다.,연합뉴스TV,통신사/방송,국채_금리,2022-02-09,"여야정 '추경 갈등'…홍남기 ""국채시장 감당 우려"""
30d2933ecbdf,negative,부정,0.95,경기 침체 우려와 인플레이션 부메랑 우려를 강조하며 부정적으로 서술됨.,중앙일보,보수,경기침체,2025-02-26,"나홀로 날던 美, 경기침체 공포…트럼프 관세, 인플레 부메랑 우려"
088cf7c20afc,neutral,중립,0.85,"금융당국의 계획과 방침을 사실적으로 전달하고 있으며, 긍정적 또는 부정적 평가 없이 정보 제공에 집중하고 있다.",연합뉴스TV,통신사/방송,가계부채,2021-02-16,"금감원 ""가계대출 증가율·차주별 부채총량 관리"""
2bd40409284f,negative,부정,0.9,"기사 전반적으로 손실, 신뢰 추락, 자산가들의 현금화 추세 등 부정적인 요소를 강조하고 있다.",서울경제,경제지,부동산_대출,2019-09-04,"잇단 손실에 조국發 신뢰 추락 겹쳐···""자산가들 현금화 추세"""
446d72f3710e,neutral,중립,0.9,"대출 규제 강화와 경제 지표 발표에 대한 사실 전달에 집중하고 있으며, 긍정적 또는 부정적 평가 없이 정보만 제공하고 있다.",한국경제,경제지,수출입동향,2018-10-27,다음주 은행권 대출규제 대폭 강화…소비자물가 동향 발표
bd5c6d2332b2,neutral,중립,0.8,"기사에서 한국은행의 평가와 수치를 전달하며 긍정적, 부정적 해석 없이 사실을 중심으로 서술하고 있다.",SBS,통신사/방송,기준금리,2018-02-25,"한국은행 ""미국 견조한 성장세…3월 금리 인상 가능성 커"""
62169d0b9e9d,negative,부정,0.9,제목과 본문 모두 경기침체 우려와 대기업 재고자산 급증을 강조하며 부정적 프레임으로 서술하고 있다.,연합뉴스,통신사/방송,경기침체,2022-08-23,상반기 대기업 재고자산 작년보다 50%↑…경기침체 본격화하나
ab4ecef68210,negative,부정,0.8,기사에서 정부가 일본의 수출규제 철회를 촉구하며 지소미아 종료 가능성을 강조하는 등 압박과 우려의 틀로 서술하고 있다.,동아일보,보수,반도체_수출,2020-02-12,정부 “지소미아 언제든 종료 가능…日수출규제 철회해야”
b018d63810bc,negative,부정,0.8,제목에서 사무용 빌딩 시장의 불안을 강조하며 부정적 프레임을 형성하고 있다.,매일경제,경제지,부동산_대출,2017-09-26,사무용빌딩 시장 불안에…부동산대출채권펀드 10년만에 재등장
d549b07c7d9c,negative,부정,0.9,제목과 본문 모두 인력 수급난의 심각성과 그로 인한 우려를 강조하고 있다.,연합뉴스,통신사/방송,반도체_수출,2017-08-15,"""반도체 등 전자업계 '인력수급 3苦'…연구개발직 가장 심각"""
3d16ccdb5bc5,positive,긍정,0.8,SOC 사업의 신속 집행과 건설시장 활성화 방안 등 긍정적인 조치에 초점을 맞추고 있다.,서울경제,경제지,고용동향,2019-08-14,"홍남기, ""16.5조 규모 SOC 사업 하반기 신속 집행"""
c68157451a5c,positive,긍정,0.85,제목과 본문 모두 가계부채비율이 정점을 찍고 하락할 것이라는 긍정적 전망을 강조하고 있다.,서울경제,경제지,가계부채,2025-08-06,"KDI “GDP 대비 가계부채비율, 5년 내 정점 찍고 하락 전망"""
88aceb05bd97,positive,긍정,0.9,외국인 매도 기조에 대한 우려를 완화하는 방향으로 서술됨.,한국경제,경제지,환율_달러,2016-08-25,"""외국인 순매도, 원·달러 환율 감안 시 우려할 수준 아니다"""
06691ba2ab73,positive,긍정,0.9,제이컴정보통신이 새로운 분야로의 전환을 통해 성공적으로 매출을 올리고 있다는 긍정적인 서술이 주를 이룬다.,한국경제,경제지,반도체_수출,2017-02-20,"제이컴 ""IT 사생활 보호필름 60여개국 수출"""
14b08f468339,positive,긍정,0.9,"위안화 강세와 중국 경기 회복을 긍정적으로 서술하며, 미중 통화정책 차별화가 긍정적 요인으로 작용하고 있음을 강조하고 있다.",연합뉴스,통신사/방송,환율_달러,2020-08-27,위안화 강세…기준환율 달러당 6.8위안대로 내려
fb7aa9794771,neutral,중립,0.9,기사에서 반도체 특별법의 처리 과정과 정치적 배경을 설명하며 긍정적 또는 부정적 평가 없이 사실을 전달하고 있다.,중앙일보,보수,반도체_수출,2025-02-27,"野, '52시간 예외' 뺀 반도체법 패스트트랙…'주주 의무' 상법은 '스톱'"
2bf167078f6e,positive,긍정,0.9,수출 회복세와 4개월 연속 증가를 강조하며 긍정적으로 서술,매일경제,경제지,반도체_수출,2017-02-21,`4대 엔진` 단 한국號 2월수출 26%…경기 봄볕 들까
ce8af5c8a56d,negative,부정,0.9,기사에서 반난민 정서와 경제침체로 인해 극우와 포퓰리즘 세력이 부상하고 있다는 부정적 틀로 서술하고 있다.,연합뉴스,통신사/방송,경기침체,2018-03-05,반난민 정서·경제침체로 극우·포퓰리즘 맹위
6757a41aaf12,neutral,중립,0.9,기준금리와 관련된 정부와 한국은행의 입장을 전달하며 해석이나 평가 없이 사실을 전달하고 있다.,한국경제TV,경제지,기준금리,2017-08-16,"김동연 부총리 ""기준금리는 금통위 고유 권한"""
5047144acee2,negative,부정,0.8,"제목에서 '건설경기 침체'를 강조하며 부정적 프레임을 형성하고, 본문에서도 사업 타당성에 대한 우려를 언급하여 부정적 방향으로 마무리됨.",경향신문,진보,경기침체,2025-02-19,건설경기 침체에···정부 ‘철도 지하화’ 등 토건사업 추진
2ecb132c2c98,negative,부정,0.9,"기사는 뉴딜펀드에 대한 비판적 시각을 강조하며, 투자자 손실을 국민이 부담하게 되는 구조적 문제를 지적하고 있다.",SBS Biz,경제지,국채_금리,2020-09-03,투자자 손실 국민이 메워준다?…뉴딜펀드 혈세투입 논란
39d0f2406c2d,positive,긍정,0.9,경기침체 우려에도 불구하고 화장품 기업들의 호실적과 '립스틱 효과'로 인한 긍정적 전망을 강조하고 있다.,한국경제,경제지,경기침체,2022-08-28,경기침체 우려에도 웃는다고?…화장품社 '립스틱 효과' 기대감
f3de076b1787,negative,부정,0.9,제목과 본문 모두 금융완화 축소 전망과 해외투자자의 대규모 국채 순매도를 강조하며 부정적 프레임을 형성하고 있다.,SBS Biz,경제지,국채_금리,2023-02-22,금융완화 축소 전망에…해외투자자 1월 日국채 역대 최대 순매도
9b5346718b9e,negative,부정,0.95,제목과 본문 모두 경제 성장률 전망치 하향 조정과 코로나19의 장기화 우려를 강조하며 부정적으로 서술하고 있다.,연합뉴스,통신사/방송,GDP_성장률,2020-08-27,"'코로나, 소나기 아닌 장마'라던 한은, 성장률 전망치 더 낮춰(종합)"
142ed871706f,negative,부정,0.8,응팔세대가 부동산 낙오자가 된 이유를 설명하며 부정적 틀로 서술하고 있다.,매일경제,경제지,부동산_대출,2017-02-22,응팔세대는 어쩌다 부동산 낙오자가 됐을까
e0bc76e644d2,negative,부정,0.95,기사 전반적으로 경기 침체와 기업 회생 절차 증가를 강조하며 위기 상황을 부각하고 있다.,SBS,통신사/방송,경기침체,2016-09-05,불황의 그늘 '법정관리' 급증…법원 파산부 '재계 12위'
65a6cf07f135,negative,부정,0.9,반도체 수출 감소와 범용 메모리 가격 하락을 강조하며 부정적으로 서술됨.,매일경제,경제지,반도체_수출,2025-03-01,반도체 수출 작년보다 3%↓…범용메모리 가격 하락 영향
b0b0c3ab2cc7,negative,부정,0.9,"제목과 본문 모두 경제 이해력 점수가 낮고, '낙제' 수준이라는 부정적 평가를 강조하고 있다.",서울경제,경제지,기준금리,2024-02-29,"국민 경제 이해력 58.7점…10명 중 6명은 ""기준금리 잘 몰라"""
1e3d18d1fb40,negative,부정,0.9,제목에서 '디플레 고개드나'라는 표현을 사용하여 소비자물가 하락을 우려의 틀로 서술하고 있다.,한국경제TV,경제지,소비자물가,2019-09-03,소비자물가 사상 첫 '마이너스'…디플레 고개드나
9a99698734a9,positive,긍정,0.8,"정부의 부동산 활성화 대책을 통해 건설사와 공공 모두에 긍정적인 영향을 미칠 것으로 기대하며, 숨통을 틔워줄 수 있다는 긍정적 전망을 제시함.",매일경제,경제지,경기침체,2023-09-05,땅값 못낸 주택단지 46곳 팔수있게… 자금난 건설사에 '출구전략'
97c4fc412a34,neutral,중립,0.8,"한일 무역갈등과 관광객 감소를 언급하지만, 기술 박람회와 부동산 관심을 비교하며 평가를 유보하고 있다.",동아일보,보수,부동산_대출,2019-08-24,"기술의 일본, 부동산의 한국"
1e23afd1e9c0,negative,부정,0.95,제목과 본문 모두 제조업 위축과 관세의 부정적 영향을 강조하며 금융위기 때보다 나쁘다는 표현을 사용하고 있다.,연합뉴스TV,통신사/방송,경기침체,2025-09-03,"관세로 되살린다는 미 제조업 6개월째 위축…""금융위기 때보다 나빠"""
feb87c1f12a3,positive,긍정,0.9,GTX와 반도체 효과로 화성·평택의 미분양이 크게 감소했다는 긍정적 서술이 주를 이룸.,한국경제,경제지,경기침체,2024-03-05,"""GTX·반도체 효과""…화성·평택 미분양 '뚝'"
d0042906974e,neutral,중립,0.9,맥주와 막걸리 주세율 인상 및 세액공제 확대 등 정책 변화에 대한 사실 전달에 집중하고 있다.,연합뉴스,통신사/방송,물가_인상,2019-07-25,"내후년 3월부터 맥주·막걸리稅, 물가만큼 오른다"
8eba0f3bf8a9,positive,긍정,0.9,정부의 유커 유치 활성화 방안 발표와 관련된 긍정적인 조치들을 강조하며 한국 경제 회복 전망과 연결짓고 있다.,중앙일보,보수,GDP_성장률,2023-09-05,"유커 150만명 잡는다…단체비자 수수료 면제, 면세 확대"
afacaacc0a67,negative,부정,0.9,"수출 감소와 무역적자 지속, 대내외 상황의 엄중함을 강조하며 위기의식을 반영한 회의 개최를 보도함.",연합뉴스,통신사/방송,경기침체,2023-03-02,"수출침체에 전부처 '수출드라이브'…""대내외 상황 엄중"""
b1c930287b1a,positive,긍정,0.9,하반기 변동성을 매수 기회로 보고 유망 자산을 싸게 살 기회로 삼아야 한다는 긍정적 전망을 제시하고 있다.,한국경제,경제지,국채_금리,2025-08-13,"조승빈 대신證 자산배분팀장 ""하반기 변동성은 매수기회…美 국채, 韓·獨 제조업 주식 담아라"""
e48652cba704,negative,부정,0.95,"제목과 본문 모두 최저임금 인상으로 인한 부정적 결과를 강조하며, 경제 성장 둔화와 일자리 감소를 비판적으로 서술하고 있다.",한국경제,경제지,최저임금,2019-02-25,"""지난해 최저임금 16% 올렸더니 일자리 21만개 사라졌다"""
3f99d24aa0a5,negative,부정,0.9,제목과 본문 모두 수출 감소와 경제 위기를 강조하며 부정적으로 서술하고 있다.,중앙일보,보수,반도체_수출,2020-09-01,올 8월 수출 9.9% 줄었다…코로나 여파 6개월 연속 감소
40ef66f40768,neutral,중립,0.9,물가상승률 수치와 중앙은행의 목표 범위를 제시하며 평가를 유보하고 있다.,연합뉴스,통신사/방송,물가_인상,2019-02-09,브라질 1월 물가상승률 0.32%…1월 기준 2년 만에 최고치
be6337397e4e,positive,긍정,0.9,수출액 증가세와 무역수지 흑자 기록을 강조하며 긍정적으로 서술,연합뉴스,통신사/방송,반도체_수출,2021-02-23,충남 1월 수출액 7조8천억원…5개월 연속 증가세 유지
29fefb908601,negative,부정,0.95,경기 부진과 서비스업 부실대출 급증을 강조하며 위기 상황을 부각하고 있다.,매일경제,경제지,경기침체,2025-09-05,지독한 경기 부진에 학원가 마저 ‘썰렁’...서비스업 부실대출 급증했다
ecf69b4ef889,positive,긍정,0.9,임시직 감소가 경제 연착륙과 건강한 노동 시장의 신호로 해석됨,연합뉴스,통신사/방송,경기침체,2023-09-01,"美임시직 지속 감소…""올해는 침체 전조 아닌 경제 연착륙 시사"""
c58c839561eb,negative,부정,0.9,"제목과 본문 모두 코로나19로 인한 경기침체 우려를 강조하고 있으며, 마카오 정부의 대응은 이러한 위기를 막기 위한 조치로 서술됨.",연합뉴스,통신사/방송,경기침체,2020-02-14,"'코로나19' 경기침체 막아라…마카오, 주민들에 44만원 현금카드"
c8a9cab78293,negative,부정,0.9,제목과 본문 모두 경제 성장률이 시장 예측을 하회하고 성장세가 주춤했다고 서술하여 부정적 프레임을 형성하고 있다.,연합뉴스,통신사/방송,GDP_성장률,2017-01-27,美 작년 4분기 잠정 경제성장률 1.9%…시장 예측 하회(2보)
09ba9097adb2,negative,부정,0.9,"국가통계위원회의 비활성화와 관련된 문제를 강조하며, 통계 논란을 방치했다는 부정적 틀로 서술됨.",연합뉴스,통신사/방송,고용동향,2018-08-30,"'통계 논란' 방치했나…국가통계委, 4년째 출석회의 0건"
b26ab2f4eb3e,positive,긍정,0.9,"실업수당 청구 건수 감소를 고용시장의 호재로 긍정적으로 서술하고 있으며, 시장에 긍정적 영향을 미칠 것으로 기대된다고 마무리하고 있다.",매일경제,경제지,경기침체,2022-08-20,美 경기 침체인가 아닌가…숫자는 거짓말 하지 않는다
980e20505bb0,positive,긍정,0.9,수출 확대와 경제 회복을 강조하며 긍정적인 전망을 제시하고 있다.,연합뉴스,통신사/방송,반도체_수출,2024-02-28,"안덕근 산업장관 ""수출 확대로 경제회복 견인…범부처역량 결집"""
10c371cb2413,negative,부정,0.9,"소고기 수출 제한 연장과 물가 상승, 경기 침체 등 부정적 상황을 강조하며 위기의 틀로 서술했다.",연합뉴스,통신사/방송,경기침체,2021-09-01,"아르헨티나, 소고기 수출 제한 연장…밥상 물가 잡기 안간힘"
2a566d28e92e,positive,긍정,0.8,상하이가 부동산 구입 문턱을 낮추고 대출 한도를 상향하는 정책을 통해 부동산 시장 회복을 도모하는 긍정적 조치로 서술됨.,연합뉴스,통신사/방송,경기침체,2026-02-26,"中, 부동산 침체 속 '경제수도' 상하이 주택구입 문턱 낮춰"
